-- phpMyAdmin SQL Dump
-- version 5.2.1
-- https://www.phpmyadmin.net/
--
-- Host: 127.0.0.1
-- Generation Time: Apr 04, 2024 at 03:02 AM
-- Server version: 10.4.32-MariaDB
-- PHP Version: 8.2.12

SET SQL_MODE = "NO_AUTO_VALUE_ON_ZERO";
START TRANSACTION;
SET time_zone = "+00:00";


/*!40101 SET @OLD_CHARACTER_SET_CLIENT=@@CHARACTER_SET_CLIENT */;
/*!40101 SET @OLD_CHARACTER_SET_RESULTS=@@CHARACTER_SET_RESULTS */;
/*!40101 SET @OLD_COLLATION_CONNECTION=@@COLLATION_CONNECTION */;
/*!40101 SET NAMES utf8mb4 */;

--
-- Database: `laravel`
--

-- --------------------------------------------------------

--
-- Table structure for table `adjust_people_lists`
--

CREATE TABLE `adjust_people_lists` (
  `apl_id` bigint(20) UNSIGNED NOT NULL,
  `apl_title` varchar(255) NOT NULL,
  `apt_id` varchar(255) NOT NULL,
  `ts_id` varchar(255) NOT NULL,
  `created_at` timestamp NULL DEFAULT NULL,
  `updated_at` timestamp NULL DEFAULT NULL
) ENGINE=InnoDB DEFAULT CHARSET=utf8mb4 COLLATE=utf8mb4_unicode_ci;

--
-- Dumping data for table `adjust_people_lists`
--

INSERT INTO `adjust_people_lists` (`apl_id`, `apl_title`, `apt_id`, `ts_id`, `created_at`, `updated_at`) VALUES
(1, 'ประเมินโดยสถานประกอบการณ์', '1', '248', '2024-04-03 16:25:32', '2024-04-03 16:25:32'),
(2, 'ประเมินโดยสถานประกอบการณ์', '2', '248', '2024-04-03 16:25:34', '2024-04-03 16:25:34'),
(3, 'ประเมินโดยสถานประกอบการณ์', '3', '248', '2024-04-03 16:25:37', '2024-04-03 16:25:37'),
(4, 'ประเมินโดยสถานประกอบการณ์ประเมินโดยสถานประกอบการณ์ประเมินโดยสถานประกอบการณ์', '4', '248', '2024-04-03 16:25:39', '2024-04-03 16:25:39');

-- --------------------------------------------------------

--
-- Table structure for table `adjust_people_topics`
--

CREATE TABLE `adjust_people_topics` (
  `apt_id` bigint(20) UNSIGNED NOT NULL,
  `apt_title` varchar(255) NOT NULL,
  `created_at` timestamp NULL DEFAULT NULL,
  `updated_at` timestamp NULL DEFAULT NULL
) ENGINE=InnoDB DEFAULT CHARSET=utf8mb4 COLLATE=utf8mb4_unicode_ci;

--
-- Dumping data for table `adjust_people_topics`
--

INSERT INTO `adjust_people_topics` (`apt_id`, `apt_title`, `created_at`, `updated_at`) VALUES
(1, 'นักศึกษา', NULL, NULL),
(2, 'พนักงานพี่เลี้ยงหรือผู้ประกอบการ', NULL, NULL),
(3, 'อาจารย์ที่ดูแลกิจกรรมภาคสนาม', NULL, NULL),
(4, 'อื่นๆ เช่นบัณฑิตยุคใหม่', NULL, NULL);

-- --------------------------------------------------------

--
-- Table structure for table `adjust_repeats`
--

CREATE TABLE `adjust_repeats` (
  `adr_id` bigint(20) UNSIGNED NOT NULL,
  `adr_title` varchar(255) NOT NULL,
  `ts_id` varchar(255) NOT NULL,
  `created_at` timestamp NULL DEFAULT NULL,
  `updated_at` timestamp NULL DEFAULT NULL
) ENGINE=InnoDB DEFAULT CHARSET=utf8mb4 COLLATE=utf8mb4_unicode_ci;

--
-- Dumping data for table `adjust_repeats`
--

INSERT INTO `adjust_repeats` (`adr_id`, `adr_title`, `ts_id`, `created_at`, `updated_at`) VALUES
(1, 'ประเมินโดยสถานประกอบการณ์ประเมินโดยสถานประกอบการณ์ประเมินโดยสถานประกอบการณ์', '248', '2024-04-03 16:25:46', '2024-04-03 16:25:46');

-- --------------------------------------------------------

--
-- Table structure for table `courses`
--

CREATE TABLE `courses` (
  `c_id` bigint(20) UNSIGNED NOT NULL,
  `c_name` varchar(255) NOT NULL,
  `c_name2` varchar(255) NOT NULL,
  `c_file` varchar(255) DEFAULT NULL,
  `p_id` varchar(255) NOT NULL,
  `created_at` timestamp NULL DEFAULT NULL,
  `updated_at` timestamp NULL DEFAULT NULL
) ENGINE=InnoDB DEFAULT CHARSET=utf8mb4 COLLATE=utf8mb4_unicode_ci;

--
-- Dumping data for table `courses`
--

INSERT INTO `courses` (`c_id`, `c_name`, `c_name2`, `c_file`, `p_id`, `created_at`, `updated_at`) VALUES
(1, 'หลักสูตรวิทยาศาสตรบัณฑิต สาขาวิชาวิทยาการคอมพิวเตอร์2567', 'หลักสูตรวิทยาศาสตรบัณฑิต สาขาวิชาวิทยาการคอมพิวเตอร์2567', 'none', '1', '2024-03-17 23:23:55', '2024-03-17 23:41:44'),
(2, 'หลักสูตรวิทยาศาสตรบัณฑิต สาขาวิชาวิทยาการคอมพิวเตอร์ 2563', 'หลักสูตรวิทยาศาสตรบัณฑิต สาขาวิชาวิทยาการคอมพิวเตอร์2563', 'none', '1', '2024-03-17 23:24:04', '2024-03-17 23:41:32'),
(3, 'หลักสูตรวิทยาศาสตรบัณฑิต สาขาวิชาอนามัยสิ่งแวดล้อม 2566', 'หลักสูตรวิทยาศาสตรบัณฑิต สาขาวิชาอนามัยสิ่งแวดล้อม 2566', 'none', '2', '2024-03-17 23:24:55', '2024-03-17 23:25:20'),
(4, 'หลักสูตรวิทยาศาสตรบัณฑิต สาขาวิชาอนามัยสิ่งแวดล้อม 2567', 'หลักสูตรวิทยาศาสตรบัณฑิต สาขาวิชาอนามัยสิ่งแวดล้อม 2567', 'none', '2', '2024-03-17 23:25:05', '2024-03-17 23:25:05'),
(5, 'สาขาวิชาอาชีวอนามัยและความปลอดภัย2653', 'สาขาวิชาอาชีวอนามัยและความปลอดภัย2563', 'none', '3', '2024-03-17 23:25:51', '2024-03-17 23:25:51'),
(6, 'สาขาวิชาอาชีวอนามัยและความปลอดภัย 2567', 'สาขาวิชาอาชีวอนามัยและความปลอดภัย 2567', 'none', '3', '2024-03-17 23:26:00', '2024-03-17 23:26:00'),
(7, 'หลักสูตรวิทยาศาสตรบัณฑิต สาขาวิชาคณิตศาสตร์ 2557', 'หลักสูตรวิทยาศาสตรบัณฑิต สาขาวิชาคณิตศาสตร์ 2557', 'none', '4', '2024-03-17 23:26:34', '2024-04-02 08:20:21'),
(8, 'หลักสูตรวิทยาศาสตรบัณฑิต สาขาวิชาคณิตศาสตร์ 2555', 'หลักสูตรวิทยาศาสตรบัณฑิต สาขาวิชาคณิตศาสตร์ 2555', 'none', '4', '2024-03-17 23:26:42', '2024-04-02 08:20:38'),
(9, 'หลักสูตรวิทยาศาสตรบัณฑิต สาขาวิชาการจัดการภัยพิบัติ2562', 'หลักสูตรวิทยาศาสตรบัณฑิต สาขาวิชาการจัดการภัยพิบัติ2562', 'none', '6', '2024-04-02 07:55:33', '2024-04-02 08:05:08'),
(10, 'หลักสูตรวิทยาศาสตรบัณฑิต สาขาวิชาการจัดการภัยพิบัติ2560', 'หลักสูตรวิทยาศาสตรบัณฑิต สาขาวิชาการจัดการภัยพิบัติ2560', 'none', '6', '2024-04-02 07:55:52', '2024-04-02 08:05:50'),
(11, 'หลักสูตรวิทยาศาสตรบัณฑิต สาขาวิชาการจัดการภัยพิบัติ2558', 'หลักสูตรวิทยาศาสตรบัณฑิต สาขาวิชาการจัดการภัยพิบัติ2558', 'none', '6', '2024-04-02 07:56:05', '2024-04-02 08:06:06'),
(12, 'หลักสูตรวิทยาศาสตรบัณฑิต สาขาวิชาเทคโนโลยีไฟฟ้าอุตสาหกรรม2564', 'หลักสูตรวิทยาศาสตรบัณฑิต สาขาวิชาเทคโนโลยีไฟฟ้าอุตสาหกรรม2564', 'none', '7', '2024-04-02 07:56:46', '2024-04-02 08:06:33'),
(13, 'หลักสูตรวิทยาศาสตรบัณฑิต สาขาวิชาเทคโนโลยีไฟฟ้าอุตสาหกรรม2561', 'หลักสูตรวิทยาศาสตรบัณฑิต สาขาวิชาเทคโนโลยีไฟฟ้าอุตสาหกรรม2561', 'none', '7', '2024-04-02 07:57:03', '2024-04-02 08:06:53'),
(14, 'หลักสูตรวิทยาศาสตรบัณฑิต สาขาวิชาเทคโนโลยีไฟฟ้าอุตสาหกรรม2559', 'หลักสูตรวิทยาศาสตรบัณฑิต สาขาวิชาเทคโนโลยีไฟฟ้าอุตสาหกรรม2559', 'none', '7', '2024-04-02 07:57:19', '2024-04-02 08:07:06'),
(15, 'หลักสูตรวิทยาศาสตรบัณฑิต สาขาวิชาเทคโนโลยีไฟฟ้าอุตสาหกรรม2555', 'หลักสูตรวิทยาศาสตรบัณฑิต สาขาวิชาเทคโนโลยีไฟฟ้าอุตสาหกรรม2555', 'none', '7', '2024-04-02 07:57:44', '2024-04-02 08:07:23'),
(16, 'หลักสูตรวิทยาศาสตรบัณฑิต สาขาวิชาเทคโนโลยีดิจิทัล2566', 'หลักสูตรวิทยาศาสตรบัณฑิต สาขาวิชาเทคโนโลยีดิจิทัล2566', 'none', '8', '2024-04-02 07:58:16', '2024-04-02 08:07:44'),
(17, 'หลักสูตรวิทยาศาสตรบัณฑิต สาขาวิชาเทคโนโลยีดิจิทัล2563', 'หลักสูตรวิทยาศาสตรบัณฑิต สาขาวิชาเทคโนโลยีดิจิทัล2563', 'none', '8', '2024-04-02 07:58:26', '2024-04-02 07:58:26'),
(18, 'หลักสูตรวิทยาศาสตรบัณฑิต สาขาวิชาเทคโนโลยีดิจิทัล2560', 'หลักสูตรวิทยาศาสตรบัณฑิต สาขาวิชาเทคโนโลยีดิจิทัล2560', 'none', '8', '2024-04-02 07:58:35', '2024-04-02 08:08:01'),
(19, 'หลักสูตรวิทยาศาสตรบัณฑิต สาขาวิชาเทคโนโลยีการประมง2567', 'หลักสูตรวิทยาศาสตรบัณฑิต สาขาวิชาเทคโนโลยีการประมง2567', 'none', '10', '2024-04-02 07:59:23', '2024-04-02 08:08:27'),
(20, 'หลักสูตรวิทยาศาสตรบัณฑิต สาขาวิชาเทคโนโลยีการประมง2562', 'หลักสูตรวิทยาศาสตรบัณฑิต สาขาวิชาเทคโนโลยีการประมง2562', 'none', '10', '2024-04-02 07:59:39', '2024-04-02 07:59:39'),
(21, 'หลักสูตรวิทยาศาสตรบัณฑิต สาขาวิชาเทคโนโลยีการประมง2558', 'หลักสูตรวิทยาศาสตรบัณฑิต สาขาวิชาเทคโนโลยีการประมง2558', 'none', '10', '2024-04-02 07:59:53', '2024-04-02 08:08:45'),
(22, 'หลักสูตรวิทยาศาสตรบัณฑิต สาขาวิชาเคมี2566', 'หลักสูตรวิทยาศาสตรบัณฑิต สาขาวิชาเคมี2566', 'none', '12', '2024-04-02 08:00:34', '2024-04-02 08:09:24'),
(23, 'หลักสูตรวิทยาศาสตรบัณฑิต สาขาวิชาเคมี2562', 'หลักสูตรวิทยาศาสตรบัณฑิต สาขาวิชาเคมี2562', 'none', '12', '2024-04-02 08:00:43', '2024-04-02 08:09:37'),
(24, 'หลักสูตรวิทยาศาสตรบัณฑิต สาขาวิชาเคมี2559', 'หลักสูตรวิทยาศาสตรบัณฑิต สาขาวิชาเคมี2559', 'none', '12', '2024-04-02 08:00:50', '2024-04-02 08:09:52'),
(25, 'หลักสูตรวิทยาศาสตรบัณฑิต สาขาวิชาเคมี2556', 'หลักสูตรวิทยาศาสตรบัณฑิต สาขาวิชาเคมี2556', 'none', '12', '2024-04-02 08:00:58', '2024-04-02 08:10:05'),
(26, 'หลักสูตรวิทยาศาสตรบัณฑิต สาขาวิชาเคมี2554', 'หลักสูตรวิทยาศาสตรบัณฑิต สาขาวิชาเคมี2554', 'none', '12', '2024-04-02 08:01:07', '2024-04-02 08:10:31'),
(27, 'หลักสูตรวิทยาศาสตรบัณฑิต สาขาวิชาเคมี2552', 'หลักสูตรวิทยาศาสตรบัณฑิต สาขาวิชาเคมี2552', 'none', '12', '2024-04-02 08:01:21', '2024-04-02 08:10:49'),
(28, 'หลักสูตรวิทยาศาสตรบัณฑิต สาขาวิชาชีววิทยา2564', 'หลักสูตรวิทยาศาสตรบัณฑิต สาขาวิชาชีววิทยา2564', 'none', '13', '2024-04-02 08:03:13', '2024-04-02 08:12:17'),
(29, 'หลักสูตรวิทยาศาสตรบัณฑิต สาขาวิชาชีววิทยา2562', 'หลักสูตรวิทยาศาสตรบัณฑิต สาขาวิชาชีววิทยา2562', 'none', '13', '2024-04-02 08:03:22', '2024-04-02 08:12:26'),
(30, 'หลักสูตรวิทยาศาสตรบัณฑิต สาขาวิชาชีววิทยา2560', 'หลักสูตรวิทยาศาสตรบัณฑิต สาขาวิชาชีววิทยา2560', 'none', '13', '2024-04-02 08:03:29', '2024-04-02 08:12:37'),
(31, 'หลักสูตรวิทยาศาสตรบัณฑิต สาขาวิชาเทคโนโลยีอุตสาหกรรม2565', 'หลักสูตรวิทยาศาสตรบัณฑิต สาขาวิชาเทคโนโลยีอุตสาหกรรม2565', 'none', '14', '2024-04-02 08:13:15', '2024-04-02 08:13:48'),
(32, 'หลักสูตรวิทยาศาสตรบัณฑิต สาขาวิชาเทคโนโลยีอุตสาหกรรม2562', 'หลักสูตรวิทยาศาสตรบัณฑิต สาขาวิชาเทคโนโลยีอุตสาหกรรม2562', 'none', '14', '2024-04-02 08:13:23', '2024-04-02 08:13:23'),
(33, 'หลักสูตรวิทยาศาสตรบัณฑิต สาขาวิชาเทคโนโลยีอุตสาหกรรม2560', 'หลักสูตรวิทยาศาสตรบัณฑิต สาขาวิชาเทคโนโลยีอุตสาหกรรม2560', 'none', '14', '2024-04-02 08:13:34', '2024-04-02 08:13:59'),
(34, 'หลักสูตรวิทยาศาสตรบัณฑิต สาขาวิชาพืชศาสตร์2565', 'หลักสูตรวิทยาศาสตรบัณฑิต สาขาวิชาพืชศาสตร์2565', 'none', '16', '2024-04-02 08:15:00', '2024-04-02 08:15:00'),
(35, 'หลักสูตรวิทยาศาสตรบัณฑิต สาขาวิชาพืชศาสตร์2562', 'หลักสูตรวิทยาศาสตรบัณฑิต สาขาวิชาพืชศาสตร์2562', 'none', '16', '2024-04-02 08:15:07', '2024-04-02 08:15:07'),
(36, 'หลักสูตรวิทยาศาสตรบัณฑิต สาขาวิชานวัตกรรมทางการเกษตร2566', 'หลักสูตรวิทยาศาสตรบัณฑิต สาขาวิชานวัตกรรมทางการเกษตร2566', 'none', '21', '2024-04-02 08:15:40', '2024-04-02 08:15:40'),
(37, 'หลักสูตรวิทยาศาสตรบัณฑิต สาขาวิชานวัตกรรมทางการเกษตร2564', 'หลักสูตรวิทยาศาสตรบัณฑิต สาขาวิชานวัตกรรมทางการเกษตร2564', 'none', '21', '2024-04-02 08:15:48', '2024-04-02 08:15:48'),
(38, 'หลักสูตรวิทยาศาสตรบัณฑิต สาขาวิชานวัตกรรมทางการเกษตร2562', 'หลักสูตรวิทยาศาสตรบัณฑิต สาขาวิชานวัตกรรมทางการเกษตร2562', 'none', '21', '2024-04-02 08:15:54', '2024-04-02 08:15:54'),
(39, 'หลักสูตรวิทยาศาสตรบัณฑิต สาขาวิชานวัตกรรมทางการเกษตร2558', 'หลักสูตรวิทยาศาสตรบัณฑิต สาขาวิชานวัตกรรมทางการเกษตร2558', 'none', '21', '2024-04-02 08:16:03', '2024-04-02 08:16:03'),
(40, 'หลักสูตรวิทยาศาสตรบัณฑิต สาขาวิชาสัตวศาสตร์2563', 'หลักสูตรวิทยาศาสตรบัณฑิต สาขาวิชาสัตวศาสตร์2563', 'none', '20', '2024-04-02 08:16:39', '2024-04-02 08:16:39'),
(41, 'หลักสูตรวิทยาศาสตรบัณฑิต สาขาวิชาสัตวศาสตร์2560', 'หลักสูตรวิทยาศาสตรบัณฑิต สาขาวิชาสัตวศาสตร์2560', 'none', '20', '2024-04-02 08:16:48', '2024-04-02 08:16:48'),
(42, 'หลักสูตรวิทยาศาสตรบัณฑิต สาขาวิชาสัตวศาสตร์2557', 'หลักสูตรวิทยาศาสตรบัณฑิต สาขาวิชาสัตวศาสตร์2557', 'none', '20', '2024-04-02 08:16:57', '2024-04-02 08:16:57'),
(43, 'หลักสูตรวิทยาศาสตรบัณฑิต สาขาวิชาวิทยาศาสตร์สิ่งแวดล้อม2567', 'หลักสูตรวิทยาศาสตรบัณฑิต สาขาวิชาวิทยาศาสตร์สิ่งแวดล้อม2567', 'none', '19', '2024-04-02 08:17:24', '2024-04-02 08:17:24'),
(44, 'หลักสูตรวิทยาศาสตรบัณฑิต สาขาวิชาวิทยาศาสตร์สิ่งแวดล้อม2565', 'หลักสูตรวิทยาศาสตรบัณฑิต สาขาวิชาวิทยาศาสตร์สิ่งแวดล้อม2565', 'none', '19', '2024-04-02 08:17:34', '2024-04-02 08:17:34'),
(45, 'หลักสูตรวิทยาศาสตรบัณฑิต สาขาวิชาวิทยาศาสตร์สิ่งแวดล้อม2563', 'หลักสูตรวิทยาศาสตรบัณฑิต สาขาวิชาวิทยาศาสตร์สิ่งแวดล้อม2563', 'none', '19', '2024-04-02 08:17:41', '2024-04-02 08:17:41'),
(46, 'หลักสูตรวิทยาศาสตรบัณฑิต สาขาวิชาวิทยาศาสตร์สิ่งแวดล้อม2560', 'หลักสูตรวิทยาศาสตรบัณฑิต สาขาวิชาวิทยาศาสตร์สิ่งแวดล้อม2560', 'none', '19', '2024-04-02 08:17:48', '2024-04-02 08:17:48'),
(47, 'หลักสูตรวิทยาศาสตรบัณฑิต สาขาวิชาวิทยาศาสตร์สิ่งแวดล้อม2557', 'หลักสูตรวิทยาศาสตรบัณฑิต สาขาวิชาวิทยาศาสตร์สิ่งแวดล้อม2557', 'none', '19', '2024-04-02 08:17:56', '2024-04-02 08:17:56'),
(48, 'หลักสูตรวิทยาศาสตรบัณฑิต สาขาวิชาวิทยาศาสตร์การอาหาร2563', 'หลักสูตรวิทยาศาสตรบัณฑิต สาขาวิชาวิทยาศาสตร์การอาหาร2563', 'none', '18', '2024-04-02 08:18:29', '2024-04-02 08:18:29'),
(49, 'หลักสูตรวิทยาศาสตรบัณฑิต สาขาวิชาวิทยาศาสตร์การอาหาร2560', 'หลักสูตรวิทยาศาสตรบัณฑิต สาขาวิชาวิทยาศาสตร์การอาหาร2560', 'none', '18', '2024-04-02 08:18:36', '2024-04-02 08:18:36'),
(50, 'หลักสูตรวิทยาศาสตรบัณฑิต สาขาวิชาฟิสิกส์2560', 'หลักสูตรวิทยาศาสตรบัณฑิต สาขาวิชาฟิสิกส์2560', 'none', '17', '2024-04-02 08:19:27', '2024-04-02 08:19:27'),
(51, 'หลักสูตรวิทยาศาสตรบัณฑิต สาขาวิชาฟิสิกส์2558', 'หลักสูตรวิทยาศาสตรบัณฑิต สาขาวิชาฟิสิกส์2558', 'none', '17', '2024-04-02 08:19:36', '2024-04-02 08:19:36'),
(52, 'หลักสูตรวิทยาศาสตรบัณฑิต สาขาวิชาเทคโนโลยีสารสนเทศ2565', 'หลักสูตรวิทยาศาสตรบัณฑิต สาขาวิชาเทคโนโลยีสารสนเทศ2565', 'none', '15', '2024-04-02 08:21:30', '2024-04-02 08:21:30'),
(53, 'หลักสูตรวิทยาศาสตรบัณฑิต สาขาวิชาเทคโนโลยีสารสนเทศ2560', 'หลักสูตรวิทยาศาสตรบัณฑิต สาขาวิชาเทคโนโลยีสารสนเทศ2560', 'none', '15', '2024-04-02 08:21:38', '2024-04-02 08:21:38');

-- --------------------------------------------------------

--
-- Table structure for table `course_committees`
--

CREATE TABLE `course_committees` (
  `cm_id` bigint(20) UNSIGNED NOT NULL,
  `id` varchar(255) NOT NULL,
  `c_id` varchar(255) NOT NULL,
  `created_at` timestamp NULL DEFAULT NULL,
  `updated_at` timestamp NULL DEFAULT NULL
) ENGINE=InnoDB DEFAULT CHARSET=utf8mb4 COLLATE=utf8mb4_unicode_ci;

--
-- Dumping data for table `course_committees`
--

INSERT INTO `course_committees` (`cm_id`, `id`, `c_id`, `created_at`, `updated_at`) VALUES
(1, '9', '1', '2024-03-19 02:34:27', '2024-03-19 02:34:27'),
(2, '10', '1', '2024-03-19 02:34:27', '2024-03-19 02:34:27'),
(3, '2', '1', '2024-03-19 02:34:29', '2024-03-19 02:34:29'),
(4, '4', '1', '2024-03-19 02:34:31', '2024-03-19 02:34:31'),
(6, '8', '8', '2024-03-31 22:42:04', '2024-03-31 22:42:04'),
(7, '28', '8', '2024-03-31 22:42:08', '2024-03-31 22:42:08'),
(8, '5', '8', '2024-03-31 22:42:09', '2024-03-31 22:42:09'),
(9, '6', '8', '2024-03-31 22:42:10', '2024-03-31 22:42:10'),
(10, '7', '8', '2024-03-31 22:42:13', '2024-03-31 22:42:13');

-- --------------------------------------------------------

--
-- Table structure for table `docfiles`
--

CREATE TABLE `docfiles` (
  `df_id` bigint(20) UNSIGNED NOT NULL,
  `df_name` varchar(255) NOT NULL,
  `ts_id` varchar(255) NOT NULL,
  `id` varchar(255) NOT NULL,
  `created_at` timestamp NULL DEFAULT NULL,
  `updated_at` timestamp NULL DEFAULT NULL
) ENGINE=InnoDB DEFAULT CHARSET=utf8mb4 COLLATE=utf8mb4_unicode_ci;

--
-- Dumping data for table `docfiles`
--

INSERT INTO `docfiles` (`df_id`, `df_name`, `ts_id`, `id`, `created_at`, `updated_at`) VALUES
(1, '53_660b018a4c7c8_jwwpxFgK2T.pdf', '53', '2', '2024-04-01 11:48:42', '2024-04-01 11:48:42'),
(2, '248_660de89d2bfe6_LBcMF4TNMx.pdf', '248', '2', '2024-04-03 16:39:09', '2024-04-03 16:39:09');

-- --------------------------------------------------------

--
-- Table structure for table `docfile_statuses`
--

CREATE TABLE `docfile_statuses` (
  `dfs_id` bigint(20) UNSIGNED NOT NULL,
  `df_id` varchar(255) NOT NULL,
  `dfs_status` varchar(255) NOT NULL,
  `created_at` timestamp NULL DEFAULT NULL,
  `updated_at` timestamp NULL DEFAULT NULL
) ENGINE=InnoDB DEFAULT CHARSET=utf8mb4 COLLATE=utf8mb4_unicode_ci;

--
-- Dumping data for table `docfile_statuses`
--

INSERT INTO `docfile_statuses` (`dfs_id`, `df_id`, `dfs_status`, `created_at`, `updated_at`) VALUES
(1, '1', '0', '2024-04-01 11:48:42', '2024-04-01 11:48:42'),
(2, '1', '1', '2024-04-01 11:58:10', '2024-04-01 11:58:10'),
(3, '2', '0', '2024-04-03 16:39:09', '2024-04-03 16:39:09');

-- --------------------------------------------------------

--
-- Table structure for table `doc_committees`
--

CREATE TABLE `doc_committees` (
  `dc_id` bigint(20) UNSIGNED NOT NULL,
  `id` varchar(255) NOT NULL,
  `ts_id` varchar(255) NOT NULL,
  `created_at` timestamp NULL DEFAULT NULL,
  `updated_at` timestamp NULL DEFAULT NULL
) ENGINE=InnoDB DEFAULT CHARSET=utf8mb4 COLLATE=utf8mb4_unicode_ci;

--
-- Dumping data for table `doc_committees`
--

INSERT INTO `doc_committees` (`dc_id`, `id`, `ts_id`, `created_at`, `updated_at`) VALUES
(1, '28', '65', '2024-04-01 08:55:35', '2024-04-01 08:55:35'),
(2, '5', '65', '2024-04-01 08:55:35', '2024-04-01 08:55:35'),
(3, '6', '65', '2024-04-01 08:55:35', '2024-04-01 08:55:35'),
(4, '10', '53', '2024-04-01 08:57:01', '2024-04-01 08:57:01'),
(5, '2', '53', '2024-04-01 08:57:01', '2024-04-01 08:57:01'),
(6, '4', '53', '2024-04-01 09:35:51', '2024-04-01 09:35:51'),
(7, '9', '53', '2024-04-01 09:35:51', '2024-04-01 09:35:51'),
(8, '10', '248', '2024-04-03 15:40:30', '2024-04-03 15:40:30'),
(9, '2', '248', '2024-04-03 15:40:30', '2024-04-03 15:40:30'),
(10, '4', '248', '2024-04-03 15:40:30', '2024-04-03 15:40:30');

-- --------------------------------------------------------

--
-- Table structure for table `doc_courses`
--

CREATE TABLE `doc_courses` (
  `dcf_id` bigint(20) UNSIGNED NOT NULL,
  `c_id` varchar(255) NOT NULL,
  `dcf_name` varchar(255) NOT NULL,
  `dcf_file` varchar(255) NOT NULL,
  `created_at` timestamp NULL DEFAULT NULL,
  `updated_at` timestamp NULL DEFAULT NULL
) ENGINE=InnoDB DEFAULT CHARSET=utf8mb4 COLLATE=utf8mb4_unicode_ci;

--
-- Dumping data for table `doc_courses`
--

INSERT INTO `doc_courses` (`dcf_id`, `c_id`, `dcf_name`, `dcf_file`, `created_at`, `updated_at`) VALUES
(1, '1', 'คะแนนผลการพัฒนาคุณภาพผู้เรียน ป.4.pdf', '6609aca5a1219_RZjLo4zmKF.pdf', '2024-03-31 11:34:13', '2024-03-31 11:34:13');

-- --------------------------------------------------------

--
-- Table structure for table `edu_backgrounds`
--

CREATE TABLE `edu_backgrounds` (
  `edu_id` bigint(20) UNSIGNED NOT NULL,
  `edu_level` varchar(255) NOT NULL,
  `edu_program` varchar(255) NOT NULL,
  `edu_university` varchar(255) NOT NULL,
  `edu_year` varchar(255) NOT NULL,
  `id` varchar(255) NOT NULL,
  `created_at` timestamp NULL DEFAULT NULL,
  `updated_at` timestamp NULL DEFAULT NULL
) ENGINE=InnoDB DEFAULT CHARSET=utf8mb4 COLLATE=utf8mb4_unicode_ci;

-- --------------------------------------------------------

--
-- Table structure for table `expertises`
--

CREATE TABLE `expertises` (
  `exp_id` bigint(20) UNSIGNED NOT NULL,
  `exp_teach` varchar(255) NOT NULL,
  `exp_program` varchar(255) NOT NULL,
  `id` varchar(255) NOT NULL,
  `created_at` timestamp NULL DEFAULT NULL,
  `updated_at` timestamp NULL DEFAULT NULL
) ENGINE=InnoDB DEFAULT CHARSET=utf8mb4 COLLATE=utf8mb4_unicode_ci;

-- --------------------------------------------------------

--
-- Table structure for table `failed_jobs`
--

CREATE TABLE `failed_jobs` (
  `id` bigint(20) UNSIGNED NOT NULL,
  `uuid` varchar(255) NOT NULL,
  `connection` text NOT NULL,
  `queue` text NOT NULL,
  `payload` longtext NOT NULL,
  `exception` longtext NOT NULL,
  `failed_at` timestamp NOT NULL DEFAULT current_timestamp()
) ENGINE=InnoDB DEFAULT CHARSET=utf8mb4 COLLATE=utf8mb4_unicode_ci;

-- --------------------------------------------------------

--
-- Table structure for table `learn_results_details`
--

CREATE TABLE `learn_results_details` (
  `lrd_id` bigint(20) UNSIGNED NOT NULL,
  `lrd_title` varchar(255) NOT NULL,
  `tlr_id` varchar(255) NOT NULL,
  `ts_id` varchar(255) NOT NULL,
  `lrd_remark` varchar(255) DEFAULT NULL,
  `created_at` timestamp NULL DEFAULT NULL,
  `updated_at` timestamp NULL DEFAULT NULL
) ENGINE=InnoDB DEFAULT CHARSET=utf8mb4 COLLATE=utf8mb4_unicode_ci;

--
-- Dumping data for table `learn_results_details`
--

INSERT INTO `learn_results_details` (`lrd_id`, `lrd_title`, `tlr_id`, `ts_id`, `lrd_remark`, `created_at`, `updated_at`) VALUES
(1, 'มีคุณธรรม จริยธรรม มีวินัย เสียสละและซื่อสัตย์สุจริต', '1', '1', '1', '2024-03-18 00:14:26', '2024-03-21 13:08:13'),
(2, 'มีความรับผิดชอบการพัฒนาการเรียนรู้ของตนเอง เคารพกฎระเบียบและข้อบังคับต่างๆ ขององค์กรและสังคม', '1', '1', '1', '2024-03-18 00:14:28', '2024-03-21 13:08:42'),
(3, 'สามารถวิเคราะห์ผลกระทบจากการใช้คอมพิวเตอร์ต่อบุคคลองค์กรและสังคม และมีจรรยาบรรณทาง\r\nวิชาการและวิชาชีพ', '1', '1', '1', '2024-03-18 00:14:30', '2024-03-21 13:09:14'),
(4, 'มีความรู้และความเข้าใจเกี่ยวกับหลักการและทฤษฎีที่สําคัญในเนื้อหาสาขาวิทยาการคอมพิวเตอร์\r\nรวมถึงความรู้ด้านคุณธรรม จริยธรรมที่สําคัญทางด้านวิทยาการคอมพิวเตอร์', '2', '1', '1', '2024-03-18 00:14:33', '2024-03-21 13:10:08'),
(5, 'กําหนดความต้องการทางคอมพิวเตอร์ วิเคราะห์ปัญหา รวมทั้งประยุกต์ความรู้ ทักษะและการใช้เครื่องมือที่เหมาะสมกับการแก้ไขปัญหาทางคอมพิวเตอร์', '2', '1', '1', '2024-03-18 00:14:34', '2024-03-21 13:10:23'),
(6, 'สนใจพัฒนาความรู้ ติดตามความก้าวหน้าทางวิชาการการเปลี่ยนแปลงด้านคอมพิวเตอร์ อย่างต่อเนื่องและบูรณาการความรู้ในสาขาวิชาวิทยาการคอมพิวเตอร์กับความรู้ในศาสตร์อื่นๆ', '2', '1', '1', '2024-03-18 00:14:36', '2024-03-21 13:10:38'),
(7, 'มีความรู้และความเข้าใจเกี่ยวกับหลักการและทฤษฎีที่สําคัญในเนื้อหาสาขาวิทยาการคอมพิวเตอร์รวมถึงความรู้ด้านคุณธรรมจริยธรรมที่สําคัญทางด้านวิทยาการคอมพิวเตอร์', '3', '1', '1', '2024-03-18 00:14:42', '2024-03-18 00:14:42'),
(8, 'มีความรู้และความเข้าใจเกี่ยวกับหลักการและทฤษฎีที่สําคัญในเนื้อหาสาขาวิทยาการคอมพิวเตอร์รวมถึงความรู้ด้านคุณธรรมจริยธรรมที่สําคัญทางด้านวิทยาการคอมพิวเตอร์', '3', '1', '1', '2024-03-18 00:14:43', '2024-03-18 00:14:43'),
(9, 'มีความรู้และความเข้าใจเกี่ยวกับหลักการและทฤษฎีที่สําคัญในเนื้อหาสาขาวิทยาการคอมพิวเตอร์รวมถึงความรู้ด้านคุณธรรมจริยธรรมที่สําคัญทางด้านวิทยาการคอมพิวเตอร์', '3', '1', '1', '2024-03-18 00:14:45', '2024-03-18 00:14:45'),
(10, 'มีความรู้และความเข้าใจเกี่ยวกับหลักการและทฤษฎีที่สําคัญในเนื้อหาสาขาวิทยาการคอมพิวเตอร์รวมถึงความรู้ด้านคุณธรรมจริยธรรมที่สําคัญทางด้านวิทยาการคอมพิวเตอร์', '3', '1', '1', '2024-03-18 00:14:46', '2024-03-18 00:14:46'),
(11, 'มีความรู้และความเข้าใจเกี่ยวกับหลักการและทฤษฎีที่สําคัญในเนื้อหาสาขาวิทยาการคอมพิวเตอร์รวมถึงความรู้ด้านคุณธรรมจริยธรรมที่สําคัญทางด้านวิทยาการคอมพิวเตอร์', '3', '1', '1', '2024-03-18 00:14:48', '2024-03-18 00:14:48'),
(12, 'มีความรู้และความเข้าใจเกี่ยวกับหลักการและทฤษฎีที่สําคัญในเนื้อหาสาขาวิทยาการคอมพิวเตอร์รวมถึงความรู้ด้านคุณธรรมจริยธรรมที่สําคัญทางด้านวิทยาการคอมพิวเตอร์', '4', '1', '1', '2024-03-18 00:14:52', '2024-03-18 00:14:52'),
(13, 'มีความรู้และความเข้าใจเกี่ยวกับหลักการและทฤษฎีที่สําคัญในเนื้อหาสาขาวิทยาการคอมพิวเตอร์รวมถึงความรู้ด้านคุณธรรมจริยธรรมที่สําคัญทางด้านวิทยาการคอมพิวเตอร์', '4', '1', '1', '2024-03-18 00:14:53', '2024-03-18 00:14:53'),
(14, 'มีความรู้และความเข้าใจเกี่ยวกับหลักการและทฤษฎีที่สําคัญในเนื้อหาสาขาวิทยาการคอมพิวเตอร์รวมถึงความรู้ด้านคุณธรรมจริยธรรมที่สําคัญทางด้านวิทยาการคอมพิวเตอร์', '4', '1', '1', '2024-03-18 00:14:55', '2024-03-18 00:14:55'),
(15, 'มีความรู้และความเข้าใจเกี่ยวกับหลักการและทฤษฎีที่สําคัญในเนื้อหาสาขาวิทยาการคอมพิวเตอร์รวมถึงความรู้ด้านคุณธรรมจริยธรรมที่สําคัญทางด้านวิทยาการคอมพิวเตอร์', '5', '1', '1', '2024-03-18 00:14:59', '2024-03-18 00:14:59'),
(16, 'มีความรู้และความเข้าใจเกี่ยวกับหลักการและทฤษฎีที่สําคัญในเนื้อหาสาขาวิทยาการคอมพิวเตอร์รวมถึงความรู้ด้านคุณธรรมจริยธรรมที่สําคัญทางด้านวิทยาการคอมพิวเตอร์', '5', '1', '1', '2024-03-18 00:15:01', '2024-03-18 00:15:01'),
(17, 'มีความรู้และความเข้าใจเกี่ยวกับหลักการและทฤษฎีที่สําคัญในเนื้อหาสาขาวิทยาการคอมพิวเตอร์รวมถึงความรู้ด้านคุณธรรมจริยธรรมที่สําคัญทางด้านวิทยาการคอมพิวเตอร์', '5', '1', '1', '2024-03-18 00:15:03', '2024-03-18 00:15:03'),
(18, 'ทดสอบระบบรายละเอียกหัวข้อที่ 1', '6', '7', '7', '2024-03-18 20:45:01', '2024-03-18 20:45:01'),
(19, 'ทดสอบระบบ2', '6', '7', '7', '2024-03-18 20:47:50', '2024-03-18 20:47:50'),
(22, 'เพื่อผลิตบัณฑิตให้มีความรู้ทางด้านวิทยาการคอมพิวเตอร์ สามารถแก้ไขปัญหา คิดวิเคราะห์อย่างเป็นระบบและสามารถประกอบวิชาชีพด้านคอมพิวเตอร์ได้', '6', '7', '7', '2024-03-21 13:14:15', '2024-03-21 13:14:15'),
(23, 'เพื่อผลิตบัณฑิตให้มีความรู้ทางด้านวิทยาการคอมพิวเตอร์ สามารถแก้ไขปัญหา คิดวิเคราะห์อย่างเป็นระบบ\r\nและสามารถประกอบวิชาชีพด้านคอมพิวเตอร์ได้', '7', '7', '7', '2024-03-21 13:14:57', '2024-03-21 13:14:57'),
(24, 'เพื่อผลิตบัณฑิตให้มีความรู้ทางด้านวิทยาการคอมพิวเตอร์ สามารถแก้ไขปัญหา คิดวิเคราะห์อย่างเป็นระบบ\r\nและสามารถประกอบวิชาชีพด้านคอมพิวเตอร์ได้', '7', '7', '7', '2024-03-21 13:15:03', '2024-03-21 13:15:03'),
(25, 'เพื่อผลิตบัณฑิตให้มีความรู้ทางด้านวิทยาการคอมพิวเตอร์ สามารถแก้ไขปัญหา คิดวิเคราะห์อย่างเป็นระบบ\r\nและสามารถประกอบวิชาชีพด้านคอมพิวเตอร์ได้', '7', '7', '7', '2024-03-21 13:15:06', '2024-03-21 13:15:06'),
(26, 'เพื่อผลิตบัณฑิตให้มีความรู้ทางด้านวิทยาการคอมพิวเตอร์ สามารถแก้ไขปัญหา คิดวิเคราะห์อย่างเป็นระบบ\r\nและสามารถประกอบวิชาชีพด้านคอมพิวเตอร์ได้', '8', '7', '7', '2024-03-21 13:15:12', '2024-03-21 13:15:12'),
(27, 'เพื่อผลิตบัณฑิตให้มีความรู้ทางด้านวิทยาการคอมพิวเตอร์ สามารถแก้ไขปัญหา คิดวิเคราะห์อย่างเป็นระบบ\r\nและสามารถประกอบวิชาชีพด้านคอมพิวเตอร์ได้', '8', '7', '7', '2024-03-21 13:15:28', '2024-03-21 13:15:28'),
(28, 'เพื่อผลิตบัณฑิตให้มีความรู้ทางด้านวิทยาการคอมพิวเตอร์ สามารถแก้ไขปัญหา คิดวิเคราะห์อย่างเป็นระบบ\r\nและสามารถประกอบวิชาชีพด้านคอมพิวเตอร์ได้', '8', '7', '7', '2024-03-21 13:15:35', '2024-03-21 13:15:35'),
(29, 'เพื่อผลิตบัณฑิตให้มีความรู้ทางด้านวิทยาการคอมพิวเตอร์ สามารถแก้ไขปัญหา คิดวิเคราะห์อย่างเป็นระบบ\r\nและสามารถประกอบวิชาชีพด้านคอมพิวเตอร์ได้', '9', '7', '7', '2024-03-21 13:15:38', '2024-03-21 13:15:38'),
(30, 'เพื่อผลิตบัณฑิตให้มีความรู้ทางด้านวิทยาการคอมพิวเตอร์ สามารถแก้ไขปัญหา คิดวิเคราะห์อย่างเป็นระบบ\r\nและสามารถประกอบวิชาชีพด้านคอมพิวเตอร์ได้', '9', '7', '7', '2024-03-21 13:15:44', '2024-03-21 13:15:44'),
(31, 'เพื่อผลิตบัณฑิตให้มีความรู้ทางด้านวิทยาการคอมพิวเตอร์ สามารถแก้ไขปัญหา คิดวิเคราะห์อย่างเป็นระบบ\r\nและสามารถประกอบวิชาชีพด้านคอมพิวเตอร์ได้', '9', '7', '7', '2024-03-21 13:15:49', '2024-03-21 13:15:49'),
(32, 'เพื่อผลิตบัณฑิตให้มีความรู้ทางด้านวิทยาการคอมพิวเตอร์ สามารถแก้ไขปัญหา คิดวิเคราะห์อย่างเป็นระบบ\r\nและสามารถประกอบวิชาชีพด้านคอมพิวเตอร์ได้', '10', '7', '7', '2024-03-21 13:15:51', '2024-03-21 13:15:51'),
(33, 'เพื่อผลิตบัณฑิตให้มีความรู้ทางด้านวิทยาการคอมพิวเตอร์ สามารถแก้ไขปัญหา คิดวิเคราะห์อย่างเป็นระบบ\r\nและสามารถประกอบวิชาชีพด้านคอมพิวเตอร์ได้', '10', '7', '7', '2024-03-21 13:15:53', '2024-03-21 13:15:53'),
(34, 'เพื่อผลิตบัณฑิตให้มีความรู้ทางด้านวิทยาการคอมพิวเตอร์ สามารถแก้ไขปัญหา คิดวิเคราะห์อย่างเป็นระบบ\r\nและสามารถประกอบวิชาชีพด้านคอมพิวเตอร์ได้', '10', '7', '7', '2024-03-21 13:15:55', '2024-03-21 13:15:55'),
(35, 'มีคุณธรรมจริยธรรมมีวินัยเสียสละและซื่อสัตย์สุจริต', '1', '53', '53', '2024-04-01 09:25:17', '2024-04-01 09:25:17'),
(36, 'มีความรับผิดชอบการพัฒนาการเรียนรู้ของตนเองเคารพกฎระเบียบและข้อบังคับต่างๆ ขององค์กรและสังคม', '1', '53', '53', '2024-04-01 09:25:26', '2024-04-01 09:25:26'),
(37, 'สามารถวิเคราะห์ผลกระทบจากการใช้คอมพิวเตอร์ต่อบุคคลองค์กรและสังคมและมีจรรยาบรรณทางวิชาการและวิชาชีพ', '1', '53', '53', '2024-04-01 09:25:37', '2024-04-01 09:25:37'),
(38, 'มีความรู้และความเข้าใจเกี่ยวกับหลักการและทฤษฎีที่สําคัญในเนื้อหาสาขาวิทยาการคอมพิวเตอร์รวมถึงความรู้ด้านคุณธรรม จริยธรรมที่สําคัญทางด้านวิทยาการคอมพิวเตอร์', '1', '53', '53', '2024-04-01 09:25:43', '2024-04-01 09:25:43'),
(39, 'มีความรู้และความเข้าใจเกี่ยวกับหลักการและทฤษฎีที่สําคัญในเนื้อหาสาขาวิทยาการคอมพิวเตอร์รวมถึงความรู้ด้านคุณธรรม จริยธรรมที่สําคัญทางด้านวิทยาการคอมพิวเตอร์', '2', '53', '53', '2024-04-01 09:25:59', '2024-04-01 09:25:59'),
(40, 'กําหนดความต้องการทางคอมพิวเตอร์ วิเคราะห์ปัญหา รวมทั้งประยุกต์ความรู้ ทักษะและการใช้เครื่องมือที่เหมาะสมกับการแก้ไขปัญหาทางคอมพิวเตอร์', '2', '53', '53', '2024-04-01 09:26:05', '2024-04-01 09:26:05'),
(41, 'สนใจพัฒนาความรู้ ติดตามความก้าวหน้าทางวิชาการการเปลี่ยนแปลงด้านคอมพิวเตอร์ อย่างต่อเนื่องและบูรณาการความรู้ในสาขาวิชาวิทยาการคอมพิวเตอร์กับความรู้ในศาสตร์อื่นๆ', '2', '53', '53', '2024-04-01 09:26:10', '2024-04-01 09:26:10'),
(43, 'คิดอย่างมีวิจารณญาณ คิดวิเคราะห์ สังเคราะห์ อย่างเป็นระบบ', '3', '53', '53', '2024-04-01 09:26:34', '2024-04-01 09:26:34'),
(44, 'สามารถสืบค้น ตีความและประเมินสารสนเทศ เพื่อใช้ในการแก้ไขปัญหาทางวิทยาการคอมพิวเตอร์ได้อย่างสร้างสรรค์', '3', '53', '53', '2024-04-01 09:26:41', '2024-04-01 09:26:41'),
(45, 'สามารถสืบค้น ตีความและประเมินสารสนเทศ เพื่อใช้ในการแก้ไขปัญหาทางวิทยาการคอมพิวเตอร์ได้อย่างสร้างสรรค์', '3', '53', '53', '2024-04-01 09:26:51', '2024-04-01 09:26:51'),
(46, 'วิเคราะห์ ออกแบบ พัฒนา ทดสอบ ประเมิน ติดตั้ง องค์ประกอบต่างๆ ของระบบคอมพิวเตอร์ให้ได้ตรงตามความต้องการและข้อกาหนด เลือกและใช้เครื่องมือต่างๆ ที่เหมาะสมกับการแก้ปัญหาระบบงาน', '3', '53', '53', '2024-04-01 09:27:08', '2024-04-01 09:27:08'),
(47, 'วิเคราะห์ ออกแบบส่วนติดต่อผู้ใช้โดยยึดผู้ใช้เป็นศูนย์กลาง และสร้างสรรค์ชิ้นงานจากการใช้คอมพิวเตอร์กราฟิก', '3', '53', '53', '2024-04-01 09:27:13', '2024-04-01 09:27:13'),
(48, 'วิเคราะห์ ออกแบบและพัฒนาวงจรดิจิทัลและเลือกอุปกรณ์ที่เกี่ยวข้องเพื่อแก้ไขปัญหาตามศาสตร์', '3', '53', '53', '2024-04-01 09:27:16', '2024-04-01 09:27:16'),
(49, 'เลือกเทคนิคและประยุกต์ใช้เครื่องมือที่เหมาะสมกับการแก้ปัญหาด้านวิทยาการคอมพิวเตอร์', '3', '53', '53', '2024-04-01 09:27:21', '2024-04-01 09:27:21'),
(50, 'ติดตั้ง กําหนดการใช้งาน ปรับแต่ง ซอฟต์แวร์ ได้อย่างเหมาะสม', '3', '53', '53', '2024-04-01 09:27:25', '2024-04-01 09:27:25'),
(51, 'มีทักษะการสื่อสารกับผู้ร่วมทีมและผู้เกี่ยวข้องอย่างมีประสิทธิภาพ', '4', '53', '53', '2024-04-01 09:27:32', '2024-04-01 09:27:32'),
(52, 'มีความรับผิดชอบต่อตนเองและการทํางานเป็นทีม มีภาวะความเป็นผู้นําและผู้ตามที่ดี เคารพสิทธิและ\r\nรับฟังความคิดเห็นของผู้อื่น', '4', '53', '53', '2024-04-01 09:27:36', '2024-04-01 09:27:36'),
(53, 'สามารถใช้ความรู้ด้านวิทยาการคอมพิวเตอร์มาชี้แนะชุมชนท้องถิ่นในประเด็นที่เหมาะสม', '4', '53', '53', '2024-04-01 09:27:40', '2024-04-01 09:27:40'),
(54, 'ประยุกต์ความรู้ทางคณิตศาสตร์เพื่อแก้ปัญหาทางคอมพิวเตอร์', '5', '53', '53', '2024-04-01 09:27:45', '2024-04-01 09:27:45'),
(55, 'ใช้เครื่องมือที่จําเป็นที่มีอยู่ในปัจจุบันต่อการทํางานที่เกี่ยวกับคอมพิวเตอร์ และใช้เทคโนโลยีสารสนเทศ\r\nอย่างเหมาะสม', '5', '53', '53', '2024-04-01 09:27:50', '2024-04-01 09:27:50'),
(56, 'นําเสนองานอย่างมีประสิทธิภาพทั้งปากเปล่าและการเขียน พร้อมทั้งเลือกสื่อการน ําเสนอได้อย่าง\r\nเหมาะสม', '5', '53', '53', '2024-04-01 09:27:57', '2024-04-01 09:27:57'),
(57, 'มีคุณธรรมจริยธรรมมีวินัยเสียสละและซื่อสัตย์สุจริต', '1', '248', '248', '2024-04-01 02:25:17', '2024-04-01 02:25:17'),
(58, 'มีคุณธรรมจริยธรรมมีวินัยเสียสละและซื่อสัตย์สุจริต', '1', '248', '248', '2024-04-01 02:25:17', '2024-04-01 02:25:17'),
(59, 'มีคุณธรรมจริยธรรมมีวินัยเสียสละและซื่อสัตย์สุจริต', '6', '248', '248', '2024-04-03 12:10:30', '2024-04-03 12:10:30'),
(60, 'มีคุณธรรมจริยธรรมมีวินัยเสียสละและซื่อสัตย์สุจริต', '6', '248', '248', '2024-04-03 12:10:33', '2024-04-03 12:10:33'),
(61, 'วิเคราะห์ ออกแบบ พัฒนา ทดสอบ ประเมิน ติดตั้ง องค์ประกอบต่างๆ ของระบบคอมพิวเตอร์ให้ได้ตรงตามความต้องการและข้อกาหนด เลือกและใช้เครื่องมือต่างๆ ที่เหมาะสมกับการแก้ปัญหาระบบงาน', '7', '248', '248', '2024-04-03 12:10:45', '2024-04-03 12:10:45'),
(62, 'วิเคราะห์ ออกแบบ พัฒนา ทดสอบ ประเมิน ติดตั้ง องค์ประกอบต่างๆ ของระบบคอมพิวเตอร์ให้ได้ตรงตามความต้องการและข้อกาหนด เลือกและใช้เครื่องมือต่างๆ ที่เหมาะสมกับการแก้ปัญหาระบบงาน', '7', '248', '248', '2024-04-03 12:10:47', '2024-04-03 12:10:47'),
(63, 'วิเคราะห์ ออกแบบ พัฒนา ทดสอบ ประเมิน ติดตั้ง องค์ประกอบต่างๆ ของระบบคอมพิวเตอร์ให้ได้ตรงตามความต้องการและข้อกาหนด เลือกและใช้เครื่องมือต่างๆ ที่เหมาะสมกับการแก้ปัญหาระบบงาน', '7', '248', '248', '2024-04-03 12:10:48', '2024-04-03 12:10:48'),
(64, 'วิเคราะห์ ออกแบบ พัฒนา ทดสอบ ประเมิน ติดตั้ง องค์ประกอบต่างๆ ของระบบคอมพิวเตอร์ให้ได้ตรงตามความต้องการและข้อกาหนด เลือกและใช้เครื่องมือต่างๆ ที่เหมาะสมกับการแก้ปัญหาระบบงาน', '8', '248', '248', '2024-04-03 12:10:49', '2024-04-03 12:10:49'),
(65, 'วิเคราะห์ ออกแบบ พัฒนา ทดสอบ ประเมิน ติดตั้ง องค์ประกอบต่างๆ ของระบบคอมพิวเตอร์ให้ได้ตรงตามความต้องการและข้อกาหนด เลือกและใช้เครื่องมือต่างๆ ที่เหมาะสมกับการแก้ปัญหาระบบงาน', '8', '248', '248', '2024-04-03 12:10:50', '2024-04-03 12:10:50'),
(66, 'วิเคราะห์ ออกแบบ พัฒนา ทดสอบ ประเมิน ติดตั้ง องค์ประกอบต่างๆ ของระบบคอมพิวเตอร์ให้ได้ตรงตามความต้องการและข้อกาหนด เลือกและใช้เครื่องมือต่างๆ ที่เหมาะสมกับการแก้ปัญหาระบบงาน', '8', '248', '248', '2024-04-03 12:10:51', '2024-04-03 12:10:51'),
(67, 'วิเคราะห์ ออกแบบ พัฒนา ทดสอบ ประเมิน ติดตั้ง องค์ประกอบต่างๆ ของระบบคอมพิวเตอร์ให้ได้ตรงตามความต้องการและข้อกาหนด เลือกและใช้เครื่องมือต่างๆ ที่เหมาะสมกับการแก้ปัญหาระบบงาน', '9', '248', '248', '2024-04-03 12:10:53', '2024-04-03 12:10:53'),
(68, 'วิเคราะห์ ออกแบบ พัฒนา ทดสอบ ประเมิน ติดตั้ง องค์ประกอบต่างๆ ของระบบคอมพิวเตอร์ให้ได้ตรงตามความต้องการและข้อกาหนด เลือกและใช้เครื่องมือต่างๆ ที่เหมาะสมกับการแก้ปัญหาระบบงาน', '9', '248', '248', '2024-04-03 12:10:54', '2024-04-03 12:10:54'),
(69, 'วิเคราะห์ ออกแบบ พัฒนา ทดสอบ ประเมิน ติดตั้ง องค์ประกอบต่างๆ ของระบบคอมพิวเตอร์ให้ได้ตรงตามความต้องการและข้อกาหนด เลือกและใช้เครื่องมือต่างๆ ที่เหมาะสมกับการแก้ปัญหาระบบงาน', '9', '248', '248', '2024-04-03 12:10:55', '2024-04-03 12:10:55'),
(70, 'วิเคราะห์ ออกแบบ พัฒนา ทดสอบ ประเมิน ติดตั้ง องค์ประกอบต่างๆ ของระบบคอมพิวเตอร์ให้ได้ตรงตามความต้องการและข้อกาหนด เลือกและใช้เครื่องมือต่างๆ ที่เหมาะสมกับการแก้ปัญหาระบบงาน', '10', '248', '248', '2024-04-03 12:10:57', '2024-04-03 12:10:57'),
(71, 'วิเคราะห์ ออกแบบ พัฒนา ทดสอบ ประเมิน ติดตั้ง องค์ประกอบต่างๆ ของระบบคอมพิวเตอร์ให้ได้ตรงตามความต้องการและข้อกาหนด เลือกและใช้เครื่องมือต่างๆ ที่เหมาะสมกับการแก้ปัญหาระบบงาน', '6', '248', '248', '2024-04-03 12:11:49', '2024-04-03 12:11:49'),
(72, 'วิเคราะห์ ออกแบบ พัฒนา ทดสอบ ประเมิน ติดตั้ง องค์ประกอบต่างๆ ของระบบคอมพิวเตอร์ให้ได้ตรงตามความต้องการและข้อกาหนด เลือกและใช้เครื่องมือต่างๆ ที่เหมาะสมกับการแก้ปัญหาระบบงาน', '9', '248', '248', '2024-04-03 12:11:55', '2024-04-03 12:11:55'),
(73, 'วิเคราะห์ ออกแบบ พัฒนา ทดสอบ ประเมิน ติดตั้ง องค์ประกอบต่างๆ ของระบบคอมพิวเตอร์ให้ได้ตรงตามความต้องการและข้อกาหนด เลือกและใช้เครื่องมือต่างๆ ที่เหมาะสมกับการแก้ปัญหาระบบงาน', '10', '248', '248', '2024-04-03 12:11:59', '2024-04-03 12:11:59'),
(74, 'วิเคราะห์ ออกแบบ พัฒนา ทดสอบ ประเมิน ติดตั้ง องค์ประกอบต่างๆ ของระบบคอมพิวเตอร์ให้ได้ตรงตามความต้องการและข้อกาหนด เลือกและใช้เครื่องมือต่างๆ ที่เหมาะสมกับการแก้ปัญหาระบบงาน', '10', '248', '248', '2024-04-03 12:12:01', '2024-04-03 12:12:01'),
(75, 'วิเคราะห์ ออกแบบ พัฒนา ทดสอบ ประเมิน ติดตั้ง องค์ประกอบต่างๆ ของระบบคอมพิวเตอร์ให้ได้ตรงตามความต้องการและข้อกาหนด เลือกและใช้เครื่องมือต่างๆ ที่เหมาะสมกับการแก้ปัญหาระบบงาน', '9', '248', '248', '2024-04-03 12:12:08', '2024-04-03 12:12:08');

-- --------------------------------------------------------

--
-- Table structure for table `learn_results_lists`
--

CREATE TABLE `learn_results_lists` (
  `lrl_id` bigint(20) UNSIGNED NOT NULL,
  `lrl_title` varchar(255) NOT NULL,
  `ts_id` varchar(255) NOT NULL,
  `created_at` timestamp NULL DEFAULT NULL,
  `updated_at` timestamp NULL DEFAULT NULL
) ENGINE=InnoDB DEFAULT CHARSET=utf8mb4 COLLATE=utf8mb4_unicode_ci;

--
-- Dumping data for table `learn_results_lists`
--

INSERT INTO `learn_results_lists` (`lrl_id`, `lrl_title`, `ts_id`, `created_at`, `updated_at`) VALUES
(1, 'เพื่อให้นักศึกษาได้มีวามตรงต่อเวลามีระเบียบวินัยเคารพกฎของสังคมและใช้เทคโนโลยีได้อย่างเหมาะสม', '1', '2024-03-18 00:13:43', '2024-03-18 00:13:43'),
(2, 'เพื่อให้นักศึกษาได้มีวามตรงต่อเวลามีระเบียบวินัยเคารพกฎของสังคมและใช้เทคโนโลยีได้อย่างเหมาะสม', '1', '2024-03-18 00:13:48', '2024-03-18 00:13:48'),
(3, 'เพื่อให้นักศึกษาได้มีวามตรงต่อเวลามีระเบียบวินัยเคารพกฎของสังคมและใช้เทคโนโลยีได้อย่างเหมาะสม', '1', '2024-03-18 00:13:50', '2024-03-18 00:13:50'),
(4, 'เพื่อให้นักศึกษาได้มีวามตรงต่อเวลามีระเบียบวินัยเคารพกฎของสังคมและใช้เทคโนโลยีได้อย่างเหมาะสม', '1', '2024-03-18 00:13:52', '2024-03-18 00:13:52'),
(5, 'เพื่อให้นักศึกษาได้มีวามตรงต่อเวลามีระเบียบวินัยเคารพกฎของสังคมและใช้เทคโนโลยีได้อย่างเหมาะสมที่สุด', '1', '2024-03-18 00:13:53', '2024-03-18 20:38:34'),
(6, 'เพื่อให้นักศึกษาได้มีวามตรงต่อเวลามีระเบียบวินัยเคารพกฎของสังคมและใช้เทคโนโลยีได้อย่างเหมาะสม', '1', '2024-03-18 00:13:55', '2024-03-18 00:13:55'),
(7, 'ทดสอบ', '7', '2024-03-18 20:44:43', '2024-03-18 20:44:43'),
(8, 'พื่อให้นักศึกษาได้มีวามตรงต่อเวลามีระเบียบวินัยเคารพกฎของสังคมและใช้เทคโนโลยีได้อย่างเหมาะสม555', '1', '2024-03-20 03:32:30', '2024-03-20 03:32:30'),
(9, 'เพื่อให้นักศึกษาได้มีวามตรงต่อเวลามีระเบียบวินัยเคารพกฎของสังคมและใช้เทคโนโลยีได้อย่างเหมาะสม777', '1', '2024-03-20 03:34:16', '2024-03-20 03:34:16'),
(10, 'เพื่อให้นักศึกษาได้มีวามตรงต่อเวลามีระเบียบวินัยเคารพกฎของสังคมและใช้เทคโนโลยีได้อย่างเหมาะสม777', '1', '2024-03-20 03:34:19', '2024-03-20 03:34:19'),
(11, 'เพื่อให้นักศึกษาได้มีวามตรงต่อเวลามีระเบียบวินัยเคารพกฎของสังคมและใช้เทคโนโลยีได้อย่างเหมาะสม', '53', '2024-04-01 09:24:04', '2024-04-01 09:24:04'),
(12, 'เพื่อให้นักศึกษามีความรู้ความเข้าใจสามารถใช้โปรแกรมประยุกต์ในการการวิจัยเพื่อวิเคราะห์และตีความค่าทางสถิติที่เกี่ยวข้องได้', '53', '2024-04-01 09:24:27', '2024-04-01 09:24:27'),
(13, 'เพื่อให้นักศึกษาสามารถวิเคราะห์โจทย์แก้ปัญหาและนําเสนอผลการวิเคราะห์ได้', '53', '2024-04-01 09:24:38', '2024-04-01 09:24:38'),
(14, 'เพื่อให้นักศึกษาสามารถประยุกต์ใช้โปรแกรมประยุกต์ด้านการวิจัยทั้งงานเดี่ยวและงานกลุ่มทํารายงานและนําเสนอได้', '53', '2024-04-01 09:24:54', '2024-04-01 09:24:54'),
(15, 'เพื่อให้นักศึกษาได้มีวามตรงต่อเวลามีระเบียบวินัยเคารพกฎของสังคมและใช้เทคโนโลยีได้อย่างเหมาะสม', '248', '2024-04-01 02:24:04', '2024-04-01 02:24:04'),
(16, 'เพื่อให้นักศึกษามีความรู้ความเข้าใจสามารถใช้โปรแกรมประยุกต์ในการการวิจัยเพื่อวิเคราะห์และตีความค่าทางสถิติที่เกี่ยวข้องได้', '248', '2024-04-01 02:24:27', '2024-04-01 02:24:27'),
(17, 'เพื่อให้นักศึกษาสามารถวิเคราะห์โจทย์แก้ปัญหาและนําเสนอผลการวิเคราะห์ได้', '248', '2024-04-01 02:24:38', '2024-04-01 02:24:38'),
(18, 'เพื่อให้นักศึกษาสามารถประยุกต์ใช้โปรแกรมประยุกต์ด้านการวิจัยทั้งงานเดี่ยวและงานกลุ่มทํารายงานและนําเสนอได้', '248', '2024-04-01 02:24:54', '2024-04-01 02:24:54');

-- --------------------------------------------------------

--
-- Table structure for table `learn_results_remarks`
--

CREATE TABLE `learn_results_remarks` (
  `lrr_id` bigint(20) UNSIGNED NOT NULL,
  `lrl_id` varchar(255) NOT NULL,
  `lrd_id` varchar(255) NOT NULL,
  `created_at` timestamp NULL DEFAULT NULL,
  `updated_at` timestamp NULL DEFAULT NULL
) ENGINE=InnoDB DEFAULT CHARSET=utf8mb4 COLLATE=utf8mb4_unicode_ci;

--
-- Dumping data for table `learn_results_remarks`
--

INSERT INTO `learn_results_remarks` (`lrr_id`, `lrl_id`, `lrd_id`, `created_at`, `updated_at`) VALUES
(1, '15', '71', '2024-04-03 16:37:26', '2024-04-03 16:37:26'),
(2, '15', '61', '2024-04-03 16:37:26', '2024-04-03 16:37:26'),
(3, '15', '62', '2024-04-03 16:37:26', '2024-04-03 16:37:26'),
(4, '15', '68', '2024-04-03 16:37:26', '2024-04-03 16:37:26'),
(5, '15', '69', '2024-04-03 16:37:26', '2024-04-03 16:37:26'),
(6, '15', '72', '2024-04-03 16:37:26', '2024-04-03 16:37:26'),
(7, '15', '73', '2024-04-03 16:37:26', '2024-04-03 16:37:26'),
(8, '16', '60', '2024-04-03 16:37:42', '2024-04-03 16:37:42'),
(9, '16', '71', '2024-04-03 16:37:42', '2024-04-03 16:37:42'),
(10, '16', '62', '2024-04-03 16:37:42', '2024-04-03 16:37:42'),
(11, '16', '65', '2024-04-03 16:37:42', '2024-04-03 16:37:42'),
(12, '16', '66', '2024-04-03 16:37:42', '2024-04-03 16:37:42'),
(13, '16', '67', '2024-04-03 16:37:42', '2024-04-03 16:37:42'),
(14, '16', '75', '2024-04-03 16:37:42', '2024-04-03 16:37:42'),
(15, '16', '70', '2024-04-03 16:37:42', '2024-04-03 16:37:42'),
(16, '16', '69', '2024-04-03 16:37:42', '2024-04-03 16:37:42'),
(17, '17', '60', '2024-04-03 16:37:58', '2024-04-03 16:37:58'),
(18, '17', '71', '2024-04-03 16:37:58', '2024-04-03 16:37:58'),
(19, '17', '62', '2024-04-03 16:37:58', '2024-04-03 16:37:58'),
(20, '17', '63', '2024-04-03 16:37:58', '2024-04-03 16:37:58'),
(21, '17', '65', '2024-04-03 16:37:58', '2024-04-03 16:37:58'),
(22, '17', '67', '2024-04-03 16:37:58', '2024-04-03 16:37:58'),
(23, '17', '68', '2024-04-03 16:37:58', '2024-04-03 16:37:58'),
(24, '17', '75', '2024-04-03 16:37:58', '2024-04-03 16:37:58'),
(25, '17', '73', '2024-04-03 16:37:58', '2024-04-03 16:37:58'),
(26, '18', '61', '2024-04-03 16:38:12', '2024-04-03 16:38:12'),
(27, '18', '60', '2024-04-03 16:38:12', '2024-04-03 16:38:12'),
(28, '18', '59', '2024-04-03 16:38:12', '2024-04-03 16:38:12'),
(29, '18', '66', '2024-04-03 16:38:12', '2024-04-03 16:38:12'),
(30, '18', '65', '2024-04-03 16:38:12', '2024-04-03 16:38:12'),
(31, '18', '72', '2024-04-03 16:38:12', '2024-04-03 16:38:12'),
(32, '18', '73', '2024-04-03 16:38:12', '2024-04-03 16:38:12'),
(33, '18', '74', '2024-04-03 16:38:12', '2024-04-03 16:38:12');

-- --------------------------------------------------------

--
-- Table structure for table `measure_lists`
--

CREATE TABLE `measure_lists` (
  `ml_id` bigint(20) UNSIGNED NOT NULL,
  `ml_title` varchar(255) NOT NULL,
  `ml_value` int(11) NOT NULL,
  `ts_id` varchar(255) NOT NULL,
  `created_at` timestamp NULL DEFAULT NULL,
  `updated_at` timestamp NULL DEFAULT NULL
) ENGINE=InnoDB DEFAULT CHARSET=utf8mb4 COLLATE=utf8mb4_unicode_ci;

--
-- Dumping data for table `measure_lists`
--

INSERT INTO `measure_lists` (`ml_id`, `ml_title`, `ml_value`, `ts_id`, `created_at`, `updated_at`) VALUES
(1, 'การมีส่วนร่วมในชั้นเรียน การเข้าชั้นเรียน การแต่งกาย', 10, '53', '2024-04-01 09:36:46', '2024-04-01 09:36:46'),
(2, 'แบบฝึกหัดท้ายบทเรียน วิเคราะห์กรณีศึกษาค้นคว้าและการนําเสนอรายงาน', 10, '53', '2024-04-01 09:36:50', '2024-04-01 09:36:50'),
(3, 'สอบปฏิบัติการใช้โปรแกรมเพื่อหาค่าสถิติที่เกี่ยวข้อง', 20, '53', '2024-04-01 09:36:54', '2024-04-01 09:36:54'),
(4, 'คะแนนสอบกลางภาค', 30, '53', '2024-04-01 09:36:59', '2024-04-01 09:36:59'),
(5, 'คะแนนสอบปลายภาค', 30, '53', '2024-04-01 09:37:03', '2024-04-01 09:37:03'),
(6, 'การมีส่วนร่วมในชั้นเรียน การเข้าชั้นเรียน การแต่งกาย', 20, '248', '2024-04-03 16:04:46', '2024-04-03 16:04:46'),
(7, 'แบบฝึกหัดท้ายบทเรียน วิเคราะห์กรณีศึกษาค้นคว้าและการนําเสนอรายงาน', 20, '248', '2024-04-03 16:05:00', '2024-04-03 16:05:00'),
(8, 'สอบปฏิบัติการใช้โปรแกรมเพื่อหาค่าสถิติที่เกี่ยวข้อง', 20, '248', '2024-04-03 16:05:07', '2024-04-03 16:05:07'),
(9, 'คะแนนสอบกลางภาค', 10, '248', '2024-04-03 16:05:24', '2024-04-03 16:05:24'),
(10, 'สอบปฏิบัติการใช้โปรแกรมเพื่อหาค่าสถิติที่เกี่ยวข้อง', 10, '248', '2024-04-03 16:05:36', '2024-04-03 16:05:36');

-- --------------------------------------------------------

--
-- Table structure for table `measure_prac_lists`
--

CREATE TABLE `measure_prac_lists` (
  `mpl_id` bigint(20) UNSIGNED NOT NULL,
  `mpl_title` varchar(255) NOT NULL,
  `mpt_id` varchar(255) NOT NULL,
  `ts_id` varchar(255) NOT NULL,
  `created_at` timestamp NULL DEFAULT NULL,
  `updated_at` timestamp NULL DEFAULT NULL
) ENGINE=InnoDB DEFAULT CHARSET=utf8mb4 COLLATE=utf8mb4_unicode_ci;

--
-- Dumping data for table `measure_prac_lists`
--

INSERT INTO `measure_prac_lists` (`mpl_id`, `mpl_title`, `mpt_id`, `ts_id`, `created_at`, `updated_at`) VALUES
(1, 'ประเมินโดยสถานประกอบการณ์', '1', '248', '2024-04-03 16:24:35', '2024-04-03 16:24:35'),
(2, 'ประเมินโดยคณะกรรมการ', '1', '248', '2024-04-03 16:24:49', '2024-04-03 16:24:49'),
(3, 'ประเมินโดยอาจารย์ที่ปรึกษา', '1', '248', '2024-04-03 16:25:03', '2024-04-03 16:25:03'),
(4, 'ประเมินโดยสถานประกอบการณ์', '2', '248', '2024-04-03 16:25:09', '2024-04-03 16:25:09'),
(5, 'ประเมินโดยสถานประกอบการณ์', '2', '248', '2024-04-03 16:25:10', '2024-04-03 16:25:10'),
(6, 'ประเมินโดยสถานประกอบการณ์ประเมินโดยสถานประกอบการณ์', '3', '248', '2024-04-03 16:25:18', '2024-04-03 16:25:18'),
(7, 'ประเมินโดยสถานประกอบการณ์ประเมินโดยสถานประกอบการณ์', '3', '248', '2024-04-03 16:25:21', '2024-04-03 16:25:21');

-- --------------------------------------------------------

--
-- Table structure for table `measure_prac_topics`
--

CREATE TABLE `measure_prac_topics` (
  `mpt_id` bigint(20) UNSIGNED NOT NULL,
  `mpt_title` varchar(255) NOT NULL,
  `created_at` timestamp NULL DEFAULT NULL,
  `updated_at` timestamp NULL DEFAULT NULL
) ENGINE=InnoDB DEFAULT CHARSET=utf8mb4 COLLATE=utf8mb4_unicode_ci;

--
-- Dumping data for table `measure_prac_topics`
--

INSERT INTO `measure_prac_topics` (`mpt_id`, `mpt_title`, `created_at`, `updated_at`) VALUES
(1, 'กระบวนการประเมินผลการปฏิบัติงานของนักศึกษา', NULL, NULL),
(2, 'ความรับผิดชอบของพนักงานพี่เลี้ยงต่อการประเมินนักศึกษา', NULL, NULL),
(3, 'ความรับผิดชอบของอาจารย์ผู้รับผิดชอบประสบการณ์ภาคสนามต่อการประเมินนักศึกษา', NULL, NULL);

-- --------------------------------------------------------

--
-- Table structure for table `migrations`
--

CREATE TABLE `migrations` (
  `id` int(10) UNSIGNED NOT NULL,
  `migration` varchar(255) NOT NULL,
  `batch` int(11) NOT NULL
) ENGINE=InnoDB DEFAULT CHARSET=utf8mb4 COLLATE=utf8mb4_unicode_ci;

--
-- Dumping data for table `migrations`
--

INSERT INTO `migrations` (`id`, `migration`, `batch`) VALUES
(217, '2014_10_12_000000_create_users_table', 1),
(218, '2014_10_12_100000_create_password_reset_tokens_table', 1),
(219, '2019_08_19_000000_create_failed_jobs_table', 1),
(220, '2019_12_14_000001_create_personal_access_tokens_table', 1),
(221, '2023_12_30_161638_create_programs_table', 1),
(222, '2024_01_07_161427_create_users_details_table', 1),
(223, '2024_01_07_162001_create_edu_backgrounds_table', 1),
(224, '2024_01_07_162249_create_expertises_table', 1),
(225, '2024_01_07_162340_create_courses_table', 1),
(226, '2024_01_07_162426_create_subjects_table', 1),
(227, '2024_01_17_185559_create_terms_table', 1),
(228, '2024_01_23_172958_create_course_committees_table', 1),
(229, '2024_01_26_184016_create_teachings_table', 1),
(230, '2024_01_30_070618_create_terms_courses_table', 1),
(231, '2024_01_30_165747_create_terms_subs_table', 1),
(232, '2024_01_30_165849_create_terms_sub_teaches_table', 1),
(233, '2024_02_15_170655_create_topic_learn_results_table', 1),
(234, '2024_02_18_154337_create_learn_results_lists_table', 1),
(235, '2024_02_18_154724_create_learn_results_details_table', 1),
(236, '2024_02_19_115643_create_planning_topics_table', 1),
(237, '2024_02_19_115703_create_planning_week_hours_table', 1),
(238, '2024_02_19_115719_create_planning_week_lists_table', 1),
(239, '2024_02_20_151743_create_planning_sum_hours_table', 1),
(240, '2024_02_21_123154_create_measure_lists_table', 1),
(241, '2024_02_21_123636_create_resources_table', 1),
(242, '2024_02_21_124321_create_doc_committees_table', 1),
(243, '2024_02_22_052627_create_prep_plan_topics_table', 1),
(244, '2024_02_22_052657_create_prep_plan_lists_table', 1),
(245, '2024_02_22_053521_create_measure_prac_topics_table', 1),
(246, '2024_02_22_053531_create_measure_prac_lists_table', 1),
(247, '2024_02_22_054754_create_adjust_people_topics_table', 1),
(248, '2024_02_22_054806_create_adjust_people_lists_table', 1),
(249, '2024_02_22_054821_create_adjust_repeats_table', 1),
(250, '2024_02_28_143103_create_objectives_table', 1),
(251, '2024_02_28_143233_create_subject_descriptions_table', 1),
(252, '2024_03_04_144751_create_docfiles_table', 1),
(253, '2024_03_04_145518_create_docfile_statuses_table', 1),
(254, '2024_03_13_175500_create_performances_table', 1),
(255, '2024_03_13_175606_create_performance_files_table', 1),
(256, '2024_03_19_025444_create_learn_results_remarks_table', 1),
(257, '2024_03_19_153132_create_objective_remarks_table', 1),
(258, '2024_03_21_111558_create_doc_courses_table', 1);

-- --------------------------------------------------------

--
-- Table structure for table `objectives`
--

CREATE TABLE `objectives` (
  `obj_id` bigint(20) UNSIGNED NOT NULL,
  `obj_title` varchar(255) NOT NULL,
  `ts_id` varchar(255) NOT NULL,
  `lrl_id` varchar(255) DEFAULT NULL,
  `created_at` timestamp NULL DEFAULT NULL,
  `updated_at` timestamp NULL DEFAULT NULL
) ENGINE=InnoDB DEFAULT CHARSET=utf8mb4 COLLATE=utf8mb4_unicode_ci;

--
-- Dumping data for table `objectives`
--

INSERT INTO `objectives` (`obj_id`, `obj_title`, `ts_id`, `lrl_id`, `created_at`, `updated_at`) VALUES
(1, 'เพื่อผลิตบัณฑิตให้มีความรู้ทางด้านวิทยาการคอมพิวเตอร์ สามารถแก้ไขปัญหา คิดวิเคราะห์อย่างเป็นระบบและสามารถประกอบวิชาชีพด้านคอมพิวเตอร์ได้', '53', NULL, '2024-04-01 09:28:30', '2024-04-01 09:28:30'),
(2, 'เพื่อผลิตบัณฑิตให้มีทักษะและสมรรถนะด้านวิทยาการคอมพิวเตอร์สามารถนําความรู้ไปประยุกต์ใช้กับศาสตร์อื่นๆและสร้างสรรค์นวัตกรรมได้', '53', NULL, '2024-04-01 09:28:42', '2024-04-01 09:28:42'),
(3, 'เพื่อผลิตบัณฑิตให้มีคุณธรรม จริยธรรม และจรรยาบรรณในการประกอบอาชีพ', '53', NULL, '2024-04-01 09:28:45', '2024-04-01 09:28:45'),
(4, 'เลือกเทคนิคและประยุกต์ใช้เครื่องมือที่เหมาะสมกับการแก้ปัญหาด้านวิทยาการคอมพิวเตอร์\'', '248', NULL, '2024-04-03 12:12:51', '2024-04-03 12:12:51'),
(5, 'เลือกเทคนิคและประยุกต์ใช้เครื่องมือที่เหมาะสมกับการแก้ปัญหาด้านวิทยาการคอมพิวเตอร์\'', '248', NULL, '2024-04-03 12:12:52', '2024-04-03 12:12:52'),
(6, 'เลือกเทคนิคและประยุกต์ใช้เครื่องมือที่เหมาะสมกับการแก้ปัญหาด้านวิทยาการคอมพิวเตอร์\'', '248', NULL, '2024-04-03 12:12:54', '2024-04-03 12:12:54');

-- --------------------------------------------------------

--
-- Table structure for table `objective_remarks`
--

CREATE TABLE `objective_remarks` (
  `ojr_id` bigint(20) UNSIGNED NOT NULL,
  `obj_id` varchar(255) NOT NULL,
  `lrl_id` varchar(255) NOT NULL,
  `created_at` timestamp NULL DEFAULT NULL,
  `updated_at` timestamp NULL DEFAULT NULL
) ENGINE=InnoDB DEFAULT CHARSET=utf8mb4 COLLATE=utf8mb4_unicode_ci;

--
-- Dumping data for table `objective_remarks`
--

INSERT INTO `objective_remarks` (`ojr_id`, `obj_id`, `lrl_id`, `created_at`, `updated_at`) VALUES
(1, '5', '15', '2024-04-03 16:37:26', '2024-04-03 16:37:26'),
(2, '4', '16', '2024-04-03 16:37:42', '2024-04-03 16:37:42'),
(3, '5', '17', '2024-04-03 16:37:58', '2024-04-03 16:37:58'),
(4, '4', '18', '2024-04-03 16:38:12', '2024-04-03 16:38:12');

-- --------------------------------------------------------

--
-- Table structure for table `password_reset_tokens`
--

CREATE TABLE `password_reset_tokens` (
  `email` varchar(255) NOT NULL,
  `token` varchar(255) NOT NULL,
  `created_at` timestamp NULL DEFAULT NULL
) ENGINE=InnoDB DEFAULT CHARSET=utf8mb4 COLLATE=utf8mb4_unicode_ci;

-- --------------------------------------------------------

--
-- Table structure for table `performances`
--

CREATE TABLE `performances` (
  `pf_id` bigint(20) UNSIGNED NOT NULL,
  `pf_name` varchar(255) NOT NULL,
  `pf_date` varchar(255) NOT NULL,
  `pf_year` varchar(255) NOT NULL,
  `pf_detail` varchar(255) DEFAULT NULL,
  `id` varchar(255) NOT NULL,
  `created_at` timestamp NULL DEFAULT NULL,
  `updated_at` timestamp NULL DEFAULT NULL
) ENGINE=InnoDB DEFAULT CHARSET=utf8mb4 COLLATE=utf8mb4_unicode_ci;

--
-- Dumping data for table `performances`
--

INSERT INTO `performances` (`pf_id`, `pf_name`, `pf_date`, `pf_year`, `pf_detail`, `id`, `created_at`, `updated_at`) VALUES
(1, 'ผลงานทางวิชาการ', '2024-04-01', '2566', 'ผลงานทางวิชาการผลงานทางวิชาการผลงานทางวิชาการผลงานทางวิชาการ', '2', '2024-03-31 12:45:10', '2024-03-31 12:45:10'),
(2, 'ผลงานทางวิชาการ', '2024-04-01', '2566', 'ผลงานทางวิชาการผลงานทางวิชาการผลงานทางวิชาการ', '2', '2024-03-31 12:45:55', '2024-03-31 12:45:55'),
(3, 'ผลงานทางวิชาการ', '2024-04-09', '2567', 'ผลงานทางวิชาการผลงานทางวิชาการผลงานทางวิชาการ', '2', '2024-03-31 12:47:29', '2024-03-31 12:47:29'),
(4, 'ผลงานทางวิชาการ', '2024-04-01', '2565', 'ผลงานทางวิชาการ', '2', '2024-03-31 12:47:47', '2024-03-31 12:47:47'),
(5, 'ผลงานทางวิชาการ', '2024-04-01', '2565', 'ผลงานทางวิชาการ', '2', '2024-03-31 12:47:57', '2024-03-31 12:47:57'),
(6, 'การพัฒนาสมรรถนะผู้เรียนโดยใช้กระบวนการวิจัย : “การวิจัยปฏิบัติการในชั้นเรียน”', '2566-05-25', '2566', 'การวิจัยปฏิบัติการในชั้นเรียนเป็นกระบวนการศึกษาค้นคว้าหาความรู้ความจริงเกี่ยวกักระบวนการเรียนการสอนของครู การแสวงหาวิธีการแก้ปัญหาต่างๆ ที่เกิดขึ้นในบริบทของชั้นเรียน', '47', '2024-04-02 09:51:37', '2024-04-02 10:42:06'),
(7, 'การวิจัยปฏิบัติการในชั้นเรียนเพื่อพัฒนาการเรียนการสอน', '2565-07-18', '2565', 'บทความวิชาการนี้มีวัตถุประสงค์เพื่อนำเสนอสาระสำคัญเกี่ยวกับการวิจัยในชั้นเรียน เพื่อพัฒนาการเรียนรู้ ทั้งลักษณะสำคัญของการวิจัยในชั้นเรียน', '47', '2024-04-02 10:37:40', '2024-04-02 10:42:28'),
(8, 'การวิจัยในชั้นเรียนเพื่อพัฒนาการเรียนรู้ทักษะทางภาษา', '2564-11-08', '2564', 'โดยงานวิจัยเริ่มต้นจากการศึกษาทฤษฎีและวรรณกรรมต่างๆ เกี่ยวกับกลยุทธ์และการเรียนรู้, การประเมินผลจากการทำวิจัยในชั้นเรียนโดยอาศัยข้อมูลที่ได้จากการสะท้อนตนเองที่ทำให้ผู้วิจัยสามารถวิเคราะห์ปัญหาของการสอนระหว่าง,“สภาพปัจจุบัน” กับ “สิ่งที่ต้องการ”', '47', '2024-04-02 10:39:46', '2024-04-02 10:42:46'),
(9, 'การพัฒนาสมรรถนะการวิจัยในชั้นเรียน และผลสัมฤทธิ์ทางการเรียนวิชาการวิจัยเพื่อพัฒนาการเรียนรู้ โดยใช้กระบวนการสอนแบบมีส่วนร่วม 4 P', '2563-05-28', '2563', 'การพัฒนาสมรรถนะการวิจัยในชั้นเรียน และผลสัมฤทธิ์ทางการเรียนวิชาการวิจัยเพื่อพัฒนาการเรียนรู้ โดยใช้กระบวนการสอนแบบมีส่วนร่วม 4 P มีวัตถุประสงค์ของการวิจัยเพื่อ พัฒนากระบวนการสอนแบบมีส่วนร่วม 4 P', '47', '2024-04-02 10:41:38', '2024-04-02 10:41:38'),
(10, 'การพัฒนาตัวบ่งชี้การสร้างศักยภาพการวิจัยปฏิบัติการในชั้นเรียน', '2567-06-19', '2567', 'การวิจัยนี้มีวัตถุประสงค์ 1) เพื่อพัฒนาตัวบ่งชี้การสร้างศักยภาพการวิจัยปฏิบัติการในชั้นเรียน และ 2) เพื่อตรวจสอบความสอดคล้องของตัวบ่งชี้การสร้างศักยภาพการวิจัยปฏิบัติการในชั้นเรียนที่พัฒนาขึ้นกับข้อมูลเชิงประจักษ์', '48', '2024-04-02 10:45:16', '2024-04-02 10:45:16'),
(11, 'การฝึกอบรมการทำวิจัยในชั้นเรียน', '2566-01-07', '2566', 'เพื่อสร้างความรู้ความเข้าใจเกี่ยวกับการวิจัยในชั้นเรียน และเพื่อให้ผู้เข้าสัมมนาได้เห็นตัวอย่างงานวิจัยในชั้นเรียนของวิทยากรที่สามารถพัฒนาเป็นงานวิจัยที่ได้รับรางวัล,การสัมมนาเรื่อง “การฝึกอบรมการทำวิจัยในชั้นเรียน”', '48', '2024-04-02 10:46:57', '2024-04-02 10:46:57'),
(12, 'คุณลักษณะการเรียนรู้ด้วยการนำตนเองของนักศึกษามหาวิทยาลัยราชภัฏสุราษฎร์ธานี', '2565-09-26', '2565', 'มีวัตถุประสงค์เพื่อศึกษาระดับคุณลักษณะการเรียนรู้ด้วยการนำตนเองของนักศึกษามหาวิทยาลัยราชภัฏสุราษฎร์ธานี ใน และเพื่อเปรียบเทียบคุณลักษณะการเรียนรู้ด้วยการนำตนเอง จำแนกตามปัจจัยส่วนบุคคล', '48', '2024-04-02 10:49:47', '2024-04-02 10:49:47'),
(13, 'ปัจจัยที่มีผลต่อการเลือกงานของบัณฑิตระดับปริญญาตรี', '2064-09-18', '2564', '1) เพื่อทราบถึงปัจจัยที่มีผลต่อการเลือกงานของบัณฑิตระดับปริญญาตรี 2) เพื่อศึกษาความสัมพันธ์ระหว่างปัจจัยส่วนบุคคล กับปัจจัยภายนอกที่มีผลต่อ การเลือกงาน ของบัณฑิตระดับปริญญาตรี', '48', '2024-04-02 10:51:41', '2024-04-02 10:51:41'),
(14, 'การมีส่วนร่วมของนักศึกษาในการสร้างนิสัยการปฏิบัติอย่างยั่งยืน', '2566-07-16', '2566', 'การจัดการขยะเป็นขั้นตอนสำคัญเพื่อการอยู่อย่างยั่งยืน การใช้แนวคิดแบบรวมองค์ประกอบมหาวิทาลัย (whole-of-university approach) สามารถช่วยสร้างความยั่งยืนในมหาวิทยาลัยโดยการบูรณาการความรู้จากฝ่ายการศึกษางานวิจัยและงานปฏิบัติการ', '49', '2024-04-02 10:53:31', '2024-04-02 10:53:31'),
(15, 'การพัฒนาบทเรียนคอมพิวเตอร์ช่วยสอน วิชาเทคโนโลยีสารสนเทศเพื่อชีวิต เรื่องการใช้งานโปรแกรม Microsoft Excel 2010', '2565-08-15', '2565', 'ศึกษาความคิดเห็นของผู้เรียนที่มีต่อบทเรียนคอมพิวเตอร์ช่วยสอนที่พัฒนาขึ้น โดยกลุ่มตัวอย่างในการวิจัยครั้งนี้ ผู้วิจัยใช้วิธีการเลือกสุ่มแบบเจาะจง เป็นนักศึกษาระดับปริญญาตรี หลักสูตรคณิตศาสตร์', '49', '2024-04-02 10:54:55', '2024-04-02 10:54:55'),
(16, 'การพัฒนาสื่อมัลติมีเดีย เรื่องการสร้างภาพเคลื่อนไหว 2 มิติ แบบเฟรมต่อเฟรม', '2564-05-26', '2564', '1. พัฒนาสื่อมัลติมีเดีย เรื่องการสร้างภาพเคลื่อนไหว 2 มิติแบบเฟรมต่อเฟรม 2. เพื่อหาคุณภาพของสื่อมัลติมีเดีย เรื่องการสร้างภาพเคลื่อนไหว 2 มิติแบบเฟรมต่อเฟรม3. เพื่อศึกษาความพึงพอใจของนักศึกษาที่มีต่อสื่อมัลติมีเดีย เรื่องการสร้างภาพเคลื่อนไหว', '49', '2024-04-02 10:57:29', '2024-04-02 10:57:29'),
(17, 'การสอนโครงสร้างไวยากรณ์ภาษาอังกฤษเพื่อเพิ่มพูนความรู้ไวยากรณ์และความสามารถในการเรียนภาษาอังกฤษของนักศึกษา', '2567-09-05', '2567', 'การวิจัยครั้งนี้มีวัตถุประสงค์เพื่อศึกษาความรู้ไวยากรณ์ภาษาอังกฤษ ความสามารถในการเขียนภาษาอังกฤษ และเพื่อศึกษาผลการใช้ขั้นตอนการสอนโครงสร้างไวยากรณ์ภาษาอังกฤษต่อการพัฒนาความรู้ไวยากรณ์ภาษาอังกฤษ', '50', '2024-04-02 10:59:28', '2024-04-02 10:59:28'),
(18, 'การพัฒนาสื่อการเรียนรู้ เรื่องการเขียนอัลกอริทึมแบบวนซ้ำ', '2566-06-22', '2566', 'เพื่อศึกษาความพึงพอใจของนักศึกษาที่มีต่อสื่อการเรียนรู้ เรื่องการเขียนอัลกอริทึมแบบวนซ้ำ กลุ่มตัวอย่างในการวิจัยครั้งนี้ ได้มาโดยการเลือกแบบเจาะจง (Purposive Sampling)', '50', '2024-04-02 11:00:36', '2024-04-02 11:00:36'),
(19, 'การพัฒนาบทเรียนคอมพิวเตอร์ช่วยสอน เรื่องการผลิตสื่อสิ่งพิมพ์ด้วยโปรแกรม Publisher 2007', '2563-04-18', '2563', 'เพื่อศึกษาความพึงพอใจของนักศึกษาที่มีต่อบทเรียนคอมพิวเตอร์ช่วยสอนเรื่อง การผลิตสื่อสิ่งพิมพ์ด้วยโปรแกรม Publisher 2007', '50', '2024-04-02 11:01:43', '2024-04-02 11:01:43'),
(20, 'ความสัมพันธ์ระหว่างแรงจูงใจในการทำงานและการมีส่วนร่วมในงานประกันคุณภาพของบุคลากร', '2565-03-25', '2565', 'มีวัตถุประสงค์เพื่อศึกษาระดับแรงจูงใจในการทำงานและระดับการมีส่วนร่วมในงานประกันคุณภาพของบุคลากรศึกษาความสัมพันธ์ระหว่างแรงจูงใจในการทำงานกับการมีส่วนร่วมในงาน', '51', '2024-04-02 11:04:38', '2024-04-02 11:04:38'),
(21, 'การนำเทคนิคเดลฟายไปใช้สำหรับการวิจัย', '2564-10-04', '2564', 'บทความวิชาการนี้มีวัตถุประสงค์เพื่ออธิบายถึงความหมาย ประเภทและลักษณะการนำเทคนิคเดลฟายไปใช้สำหรับการวิจัยโดยมีเนื้อหา 6 ส่วน ได้แก่ ความหมายของเทคนิคเดลฟาย ลักษณะที่สำคัญของวิธีการเดลฟาย ประเภทของ เทคนิคเดลฟาย กระบวนการศึกษา', '51', '2024-04-02 11:06:16', '2024-04-02 11:07:21'),
(22, 'รูปแบบการพัฒนาแหล่งเรียนรู้ทางวัฒนธรรมและเครือข่ายการเรียนรู้: การวิจัยแบบพหุกรณีและการวิจัยปฏิบัติการแบบมีส่วนร่วม', '2563-09-20', '2563', 'การวิจัยครั้งนี้มีวัตถุประสงค์เพื่อสังเคราะห์องค์ความรู้เกี่ยวกับการพัฒนาแหล่งเรียนรู้ทางวัฒนธรรมและเครือข่ายการเรียนรู้ และนำเสนอรูปแบบการพัฒนาแหล่งเรียนรู้ทางวัฒนธรรมและเครือข่ายการเรียนรู้', '51', '2024-04-02 11:07:02', '2024-04-02 11:07:40'),
(23, 'บทวิจารณ์หนังสือ : การวิจัยทางสารสนเทศศาสตร์: ระเบียบวิธีวิจัยและกรณีศึกษา', '2567-05-26', '2567', 'ตำราเรื่อง “การวิจัยทางสารสนเทศศาสตร์: ระเบียบวิธีวิจัยและกรณีศึกษา (Research in Information Science : Research methodologies and case studies) ” นับเป็นตำราภาษาไทยเล่มแรกที่มีเนื้อหาเกี่ยวกับการวิจัยทางสารสนเทศศาสตร์ที่เน้นระเบียบวิธีวิจัย', '53', '2024-04-02 11:10:35', '2024-04-02 11:10:35'),
(24, 'วิธีวิทยาการวิจัยแบบผสม : วิธีวิทยาการวิจัยแบบที่สาม', '2566-08-12', '2566', 'ได้องค์ความรู้ใหม่ที่เชื่อถือได้สามารถตอบโจทย์วิจัยที่หลากหลายและซับซ้อนมากขึ้นในงานวิจัยเรื่องเดียวกัน โดยยึดสถานการณ์และหลักยืดหยุ่นในการผสมผสานทั้งในระดับเทคนิคและระดับยุทธวิธีระหว่างแนวการวิจัยเชิงปริมาณและเชิงคุณภาพ', '53', '2024-04-02 11:11:22', '2024-04-02 11:11:22'),
(25, 'บทสังเคราะห์ชุดโครงการวิจัยการใช้ประโยชน์จากงานวิจัยด้วยเครื่องมือการสื่อสาร', '2565-06-25', '2565', 'บทสังเคราะห์ชุดโครงการวิจัยการใช้ประโยชน์จากงานวิจัยด้วยเครื่องมือ การสื่อสาร เป็นการสังเคราะห์ชุดโครงการวิจัย การใช้ประโยชน์จากงานวิจัยด้วยเครื่องมือการสื่อสาร', '53', '2024-04-02 11:12:31', '2024-04-02 11:12:31'),
(26, 'การวิเคราะห์ระบบสารสนเทศด้านการวิจัยจากเว็บไซต์ ของมหาวิทยาลัยวิจัย', '2564-05-12', '2564', 'การวิจัยเป็นรากฐานสำคัญในการพัฒนาประเทศเพื่อให้สามารถแข่งขันทัดเทียมกับประเทศอื่น ๆ ได้ โดยไม่ต้องพึ่งพิงเทคโนโลยีจากต่างชาติ ในสังคมไทยมองว่ามหาวิทยาลัยเป็นแหล่งผลิตบุคลากรด้านการวิจัย และแหล่งผลิตผลงานวิจัยที่มีคุณภาพของประเทศ', '53', '2024-04-02 11:13:21', '2024-04-02 11:13:21'),
(27, 'การวิจัยเพื่อพยากรณ์อนาคต', '2563-04-26', '2563', 'เป็นงานวิจัยที่จำเป็นอย่างยิ่งในการวางแผน กำหนดนโยบาย และการดำเนินงานในอนาคต โดยมีจุดมุ่งหมายที่จะทำการทำนาย คาดคะเน หรือพยากรณ์เหตุการณ์ที่อาจจะเกิดขึ้นในอนาคต', '53', '2024-04-02 11:14:08', '2024-04-02 11:14:08'),
(28, 'การวิจัยแบบผสมผสาน', '2566-09-15', '2566', 'การวิจัยแบบผสมผสานเป็นการวิจัยที่ได้รับอิทธิพลมาจากปรัชญาปฏิบัตินิยมที่ใช้วิธีวิทยาทั้งเชิงปริมาณและ เชิงคุณภาพร่วมกันในการดำเนินการวิจัยเพื่อหาคำตอบของการวิจัยที่มีความครอบคลุม', '54', '2024-04-02 11:29:26', '2024-04-02 11:29:26'),
(29, 'การนำเสนอข้อค้นพบจากการวิจัยไปสู่การปฏิบัติ', '2565-05-26', '2565', '“What to do” เพื่อนำไปอภิปรายผลประกอบแนวคิดทฤษฎี และวรรณกรรมที่เกี่ยวข้อง ทำให้ผู้วิจัยสามารถเสนอแนะข้อปฏิบัติที่ได้จากข้อค้นพบจากการวิจัยได้ชัดเจน “How to do” ซึ่งเป็นการนำเอาผลการวิจัยไปสู่การปฏิบัติอย่างแท้จริง', '54', '2024-04-02 11:30:33', '2024-04-02 11:30:33'),
(30, 'บทความรับเชิญ: แนวทางและวิธีการในการพัฒนาบุคลากรของส่วนราชการให้เป็นนักวิจัย', '2564-09-15', '2564', 'การพัฒนาบุคลากรของส่วนราชการให้เป็นนักวิจัยด้วยการพัฒนาระบบและกลไกในการดำเนินงานการทำวิจัยของบุคลากรส่วนราชการจากหน่วยงานล่างสุดที่ดูแลประชาชนผู้มาใช้บริการหลักตามแนวทางและวิธีการในการส่งเสริมสนับสนุนและช่วยเหลือให้บุคลากรของหน่วยงาน “ทำวิจัย”', '54', '2024-04-02 11:31:58', '2024-04-02 11:31:58'),
(31, 'การเขียนบทความวิจัย การวิจัยเพื่อสังคม', '2563-12-20', '2563', 'แนวทางการเขียนบทความวิจัยเพื่อสังคม ตามหลักเกณฑ์ ก.พ.อ.', '54', '2024-04-02 11:32:48', '2024-04-02 11:32:48'),
(32, 'การวิจัยผสานวิธี: ผสานอย่างไรให้ถูกต้องในงานวิจัยสุขภาพ', '2566-03-24', '2566', 'การวิจัยผสานวิธี : ผสานอย่างไรให้ถูกต้องในงานวิจัยสุขภาพ การวิจัยผสานวิธีถูกนำมาใช้มากขึ้นในงานวิจัยสุขภาพ แต่การวิจัยประเภทนี้ยังมีข้อ ถกเถียงในชุมชนนักวิจัยอย่างกว้างขวางตั้งแต่ ความหมาย ปรัชญา กระบวนทัศน์ ระเบียบ วิธีวิจัย จนถึงการดำเนินการวิจัย', '55', '2024-04-02 11:34:33', '2024-04-02 11:34:33'),
(33, 'การพัฒนาบทเรียนออนไลน์ตามทฤษฎีโครงสร้างความรู้เรื่องการกำหนดปัญหาการวิจัย สำหรับนักศึกษาบัณฑิตศึกษา', '2565-05-14', '2565', 'การวิจัยนี้มีวัตถุประสงค์เพื่อ 1) พัฒนาบทเรียนออนไลน์ตามทฤษฎีโครงสร้างความรู้ เรื่อง การกำหนดปัญหาการวิจัย 2) ศึกษาผลสัมฤทธิ์ทางการเรียนและพัฒนาการทางการเรียนของนักศึกษาบัณฑิต และ 3) ศึกษาความพึงพอใจต่อบทเรียนออนไลน์ตามทฤษฎีโครงสร้างความรู้', '55', '2024-04-02 11:36:15', '2024-04-02 11:36:15'),
(34, 'การใช้วิธีวิจัยแบบผสมผสานวิธีเพื่อสร้างความน่าเชื่อถือของงานวิจัยทางสุขภาพ', '2563-07-25', '2563', 'ปัจจุบันนักวิจัยนำวิธีวิจัยทั้งการวิจัยเชิงคุณภาพและเชิงปริมาณมาศึกษาร่วมกันในการตอบคำถามการวิจัย การแสดงความน่าเชื่อถือของงานวิจัยมีความสำคัญต่อการนำผลวิจัยไปใช้', '55', '2024-04-02 11:37:08', '2024-04-02 11:37:08'),
(35, 'การวิจัยและพัฒนากลยุทธ์การวิจัย เพื่อยกระดับการรู้วิทยาศาสตร์', '2567-06-12', '2567', 'ลักษณะกลยุทธ์การวิจัย เพื่อยกระดับการรู้วิทยาศาสตร์ สังเคราะห์ได้ทั้งสิ้น 11 กลยุทธ์วิจัย ได้แก่ กลยุทธ์การปฐมนิเทศเพื่อเข้าใจคำว่า วิจัย กลยุทธ์การจัดทำบันทึกวิจัยนักเรียน (LOG BOOK) กลยุทธ์การค้นพบปัญหาวิจัย', '56', '2024-04-02 11:38:41', '2024-04-02 11:38:41'),
(36, 'มโนทัศน์พื้นฐานของกรอบความคิดเชิงทฤษฎี กรอบความคิดการวิจัย โมเดลการวิจัย กรอบการวิจัย และแผนภูมิการวิจัย', '2566-08-19', '2566', 'มีวัตถุประสงค์ที่สำคัญ 2 ประการ คือ เพื่อเพิ่มพูนความรู้ความเข้าใจในศาสตร์สาขาต่าง ๆ และเพื่อนำองค์ความรู้นั้นมาประยุกต์ใช้ให้เกิดประโยชน์ ดังนั้นเพื่อให้บรรลุตามวัตถุประสงค์ที่กล่าวมา', '56', '2024-04-02 11:39:50', '2024-04-02 11:39:50'),
(37, 'การสำรวจผลงานวิจัยเกี่ยวกับภาพลักษณ์ของการสื่อสารเพื่อการประชาสัมพันธ์', '2565-08-25', '2565', 'การศึกษาเรื่อง การสำรวจผลงานวิจัยเกี่ยวกับภาพลักษณ์ของการสื่อสารเพื่อการประชาสัมพันธ์ มีวัตถุประสงค์เพื่อวิเคราะห์เนื้อหาภาพลักษณ์ของการสื่อสารเพื่อการประชาสัมพันธ์', '56', '2024-04-02 11:41:37', '2024-04-02 11:41:37'),
(38, 'ก้าวสู่ความเป็นนักวิจัยมืออาชีพ', '2563-06-16', '2563', 'หนังสือชื่อ “ก้าวสู่ความเป็นนักวิจัยมืออาชีพ” เขียนจากประสบการณ์ในการทำวิจัยของผู้เขียน และ จากการอ่านบทความและหนังสือต่าง ๆ ที่เกี่ยวข้องกับการทำวิจัย', '56', '2024-04-02 11:42:43', '2024-04-02 11:42:43'),
(39, 'การจัดการเรียนรู้โดยใช้ปัญหาเป็นฐานตามแนวคิดสะเต็มศึกษา เรื่อง การสำรวจและการผลิตปิโตรเลียม เพื่อส่งเสริมการรู้เรื่องวิทยาศาสตร์', '2565-06-25', '2565', 'การวิจัยครั้งนี้มีวัตถุประสงค์เพื่อศึกษาแนวทางการจัดการเรียนรู้โดยใช้ปัญหาเป็นฐานตามแนวคิดสะเต็มศึกษาที่ส่งเสริมการรู้เรื่องวิทยาศาสตร์ และเพื่อศึกษาการรู้เรื่องวิทยาศาสตร์', '57', '2024-04-02 11:44:48', '2024-04-02 11:44:48'),
(40, 'การรับรู้การสนับสนุนจากองค์การและแรงจูงใจใฝ่สัมฤทธิ์ ที่ส่งผลต่อประสิทธิภาพในการทำงานของนักวิจัย ในสถาบันวิจัยวิทยาศาสตร์และเทคโนโลยีแห่งประเทศไทย', '2563-07-16', '2563', 'การศึกษานี้มีวัตถุประสงค์เพื่อศึกษาระดับการรับรู้การสนับสนุนจากองค์การของนักวิจัย และแรงจูงใจใฝ่สัมฤทธิ์ที่มีอิทธิพลต่อประสิทธิภาพในการทำงานของนักวิจัย', '57', '2024-04-02 11:45:28', '2024-04-02 11:45:28');

-- --------------------------------------------------------

--
-- Table structure for table `performance_files`
--

CREATE TABLE `performance_files` (
  `pff_id` bigint(20) UNSIGNED NOT NULL,
  `pff_name` varchar(255) NOT NULL,
  `pf_id` varchar(255) NOT NULL,
  `created_at` timestamp NULL DEFAULT NULL,
  `updated_at` timestamp NULL DEFAULT NULL
) ENGINE=InnoDB DEFAULT CHARSET=utf8mb4 COLLATE=utf8mb4_unicode_ci;

--
-- Dumping data for table `performance_files`
--

INSERT INTO `performance_files` (`pff_id`, `pff_name`, `pf_id`, `created_at`, `updated_at`) VALUES
(1, '6609bd46e0b0a_gjzUgNjRL1.pdf', '1', '2024-03-31 12:45:10', '2024-03-31 12:45:10'),
(2, '6609bd46e3fc2_LwW0ABcZLp.pdf', '1', '2024-03-31 12:45:10', '2024-03-31 12:45:10'),
(3, '6609bd46e4e13_D7my6Ket9c.pdf', '1', '2024-03-31 12:45:10', '2024-03-31 12:45:10'),
(4, '6609bd7396c56_RxgbkeJxMa.pdf', '2', '2024-03-31 12:45:55', '2024-03-31 12:45:55'),
(5, '6609bd7397a93_VKgUXCrimy.pdf', '2', '2024-03-31 12:45:55', '2024-03-31 12:45:55'),
(6, '6609bd7398746_Eud6yKQNA2.pdf', '2', '2024-03-31 12:45:55', '2024-03-31 12:45:55'),
(7, '6609bdd1ec488_QIeTYIh2hl.pdf', '3', '2024-03-31 12:47:29', '2024-03-31 12:47:29'),
(8, '6609bdedbae49_KJp7I0TyYz.pdf', '5', '2024-03-31 12:47:57', '2024-03-31 12:47:57'),
(9, '660c379958cc6_yxtR3EE5nW.pdf', '6', '2024-04-02 09:51:37', '2024-04-02 09:51:37'),
(10, '660c37995a839_CNULuoqVs9.pdf', '6', '2024-04-02 09:51:37', '2024-04-02 09:51:37'),
(11, '660c37995bcef_XYIgiv4blT.pdf', '6', '2024-04-02 09:51:37', '2024-04-02 09:51:37'),
(12, '660c37995cb13_Xb80VNgLSO.pdf', '6', '2024-04-02 09:51:37', '2024-04-02 09:51:37'),
(13, '660c42648ed81_5QBwumtUlC.pdf', '7', '2024-04-02 10:37:40', '2024-04-02 10:37:40'),
(14, '660c426490712_z4mEfcjLqV.pdf', '7', '2024-04-02 10:37:40', '2024-04-02 10:37:40'),
(15, '660c426491e32_mhJpZXJslJ.pdf', '7', '2024-04-02 10:37:40', '2024-04-02 10:37:40'),
(16, '660c42e298e05_tLqwVKFxBM.pdf', '8', '2024-04-02 10:39:46', '2024-04-02 10:39:46'),
(17, '660c42e29a251_ZYfMDVuOcc.pdf', '8', '2024-04-02 10:39:46', '2024-04-02 10:39:46'),
(18, '660c435261477_Sk8fH7HIQG.pdf', '9', '2024-04-02 10:41:38', '2024-04-02 10:41:38'),
(19, '660c435262deb_Nn6wh3vN8Q.pdf', '9', '2024-04-02 10:41:38', '2024-04-02 10:41:38'),
(20, '660c442c381e3_R3jDyfp2gN.pdf', '10', '2024-04-02 10:45:16', '2024-04-02 10:45:16'),
(21, '660c442c39638_arap7Ge2x8.pdf', '10', '2024-04-02 10:45:16', '2024-04-02 10:45:16'),
(22, '660c442c3ae37_CQR5e7nQ9O.pdf', '10', '2024-04-02 10:45:16', '2024-04-02 10:45:16'),
(23, '660c44919bff3_GIVdx6o2SM.pdf', '11', '2024-04-02 10:46:57', '2024-04-02 10:46:57'),
(24, '660c453b29a50_hA5V8Y6zkT.pdf', '12', '2024-04-02 10:49:47', '2024-04-02 10:49:47'),
(25, '660c453b2adec_Pk1VMkH75l.pdf', '12', '2024-04-02 10:49:47', '2024-04-02 10:49:47'),
(26, '660c45ad0524f_FC7Wwc2HAj.pdf', '13', '2024-04-02 10:51:41', '2024-04-02 10:51:41'),
(27, '660c45ad068d9_vhcR3i2rPg.pdf', '13', '2024-04-02 10:51:41', '2024-04-02 10:51:41'),
(28, '660c461b1e598_bYCcMDpsOh.pdf', '14', '2024-04-02 10:53:31', '2024-04-02 10:53:31'),
(29, '660c461b1fe94_CRlQLrk32S.pdf', '14', '2024-04-02 10:53:31', '2024-04-02 10:53:31'),
(30, '660c461b21415_NWGQCvrAbu.pdf', '14', '2024-04-02 10:53:31', '2024-04-02 10:53:31'),
(31, '660c461b2281a_ECfabFpnRj.pdf', '14', '2024-04-02 10:53:31', '2024-04-02 10:53:31'),
(32, '660c466f54d7c_dSBVHsIjm3.pdf', '15', '2024-04-02 10:54:55', '2024-04-02 10:54:55'),
(33, '660c466f56280_534jeCpru5.pdf', '15', '2024-04-02 10:54:55', '2024-04-02 10:54:55'),
(34, '660c47098e7e8_HC3dvaQTZJ.pdf', '16', '2024-04-02 10:57:29', '2024-04-02 10:57:29'),
(35, '660c470990c01_B6zwzyJQYh.pdf', '16', '2024-04-02 10:57:29', '2024-04-02 10:57:29'),
(36, '660c478036b73_q2mzfX56cK.pdf', '17', '2024-04-02 10:59:28', '2024-04-02 10:59:28'),
(37, '660c4780383e5_Ms3bPg12Yf.pdf', '17', '2024-04-02 10:59:28', '2024-04-02 10:59:28'),
(38, '660c47c4dc3d6_IiArG3jc91.pdf', '18', '2024-04-02 11:00:36', '2024-04-02 11:00:36'),
(39, '660c47c4ddcf3_TJwNafVjeU.pdf', '18', '2024-04-02 11:00:36', '2024-04-02 11:00:36'),
(40, '660c4807a7d33_GiMf0ljsqR.pdf', '19', '2024-04-02 11:01:43', '2024-04-02 11:01:43'),
(41, '660c4807a9314_6scN2JgiDQ.pdf', '19', '2024-04-02 11:01:43', '2024-04-02 11:01:43'),
(42, '660c48b62d355_w7qE5Ea0Mf.pdf', '20', '2024-04-02 11:04:38', '2024-04-02 11:04:38'),
(43, '660c48b62eab4_juX24vl3uM.pdf', '20', '2024-04-02 11:04:38', '2024-04-02 11:04:38'),
(44, '660c4918956c9_2uOIFDhUEz.pdf', '21', '2024-04-02 11:06:16', '2024-04-02 11:06:16'),
(45, '660c491896a9a_38ZAEA0CtB.pdf', '21', '2024-04-02 11:06:16', '2024-04-02 11:06:16'),
(46, '660c491897945_MTtsFxdiJW.pdf', '21', '2024-04-02 11:06:16', '2024-04-02 11:06:16'),
(47, '660c4946badfd_blVw98Sx7l.pdf', '22', '2024-04-02 11:07:02', '2024-04-02 11:07:02'),
(48, '660c4946bc3bd_HSoBcr0ZaM.pdf', '22', '2024-04-02 11:07:02', '2024-04-02 11:07:02'),
(49, '660c4a1b81b95_ugeo4Ugocz.pdf', '23', '2024-04-02 11:10:35', '2024-04-02 11:10:35'),
(50, '660c4a1b83506_NyhidR8s8g.pdf', '23', '2024-04-02 11:10:35', '2024-04-02 11:10:35'),
(51, '660c4a1b84937_tIMHhV18Iw.pdf', '23', '2024-04-02 11:10:35', '2024-04-02 11:10:35'),
(52, '660c4a1b85cc0_AD40rJttrM.pdf', '23', '2024-04-02 11:10:35', '2024-04-02 11:10:35'),
(53, '660c4a4aa473d_Dr4nlIxaMw.pdf', '24', '2024-04-02 11:11:22', '2024-04-02 11:11:22'),
(54, '660c4a4aa612a_6e4Zut5ECi.pdf', '24', '2024-04-02 11:11:22', '2024-04-02 11:11:22'),
(55, '660c4a4aa73e7_n09nOcBjDW.pdf', '24', '2024-04-02 11:11:22', '2024-04-02 11:11:22'),
(56, '660c4a8f42c70_SrzZ5pTPJz.pdf', '25', '2024-04-02 11:12:31', '2024-04-02 11:12:31'),
(57, '660c4a8f4469b_sL1u2Peoax.pdf', '25', '2024-04-02 11:12:31', '2024-04-02 11:12:31'),
(58, '660c4a8f45a24_BYr8IKhJ1E.pdf', '25', '2024-04-02 11:12:31', '2024-04-02 11:12:31'),
(59, '660c4ac1bddd5_YNbnppujxZ.pdf', '26', '2024-04-02 11:13:21', '2024-04-02 11:13:21'),
(60, '660c4af03f586_TZ0kEcbzjm.pdf', '27', '2024-04-02 11:14:08', '2024-04-02 11:14:08'),
(61, '660c4af040c67_sSCd1dzUDh.pdf', '27', '2024-04-02 11:14:08', '2024-04-02 11:14:08'),
(62, '660c4e862db15_PLvmDLZPhF.pdf', '28', '2024-04-02 11:29:26', '2024-04-02 11:29:26'),
(63, '660c4e862f4cd_UR2CLSkmeX.pdf', '28', '2024-04-02 11:29:26', '2024-04-02 11:29:26'),
(64, '660c4ec99e703_xWARfynB1L.pdf', '29', '2024-04-02 11:30:33', '2024-04-02 11:30:33'),
(65, '660c4ec9a062f_W6nMUjw0qZ.pdf', '29', '2024-04-02 11:30:33', '2024-04-02 11:30:33'),
(66, '660c4ec9a203d_WnQ0pJRSZg.pdf', '29', '2024-04-02 11:30:33', '2024-04-02 11:30:33'),
(67, '660c4ec9a526b_HOl9fD17bc.pdf', '29', '2024-04-02 11:30:33', '2024-04-02 11:30:33'),
(68, '660c4f1e07e19_YIiwRFgPML.pdf', '30', '2024-04-02 11:31:58', '2024-04-02 11:31:58'),
(69, '660c4f1e09a08_ELCDeVM4DX.pdf', '30', '2024-04-02 11:31:58', '2024-04-02 11:31:58'),
(70, '660c4f1e0b120_9GWj6UUY0f.pdf', '30', '2024-04-02 11:31:58', '2024-04-02 11:31:58'),
(71, '660c4f50e8d0f_FRWe0UXMR3.pdf', '31', '2024-04-02 11:32:48', '2024-04-02 11:32:48'),
(72, '660c4fb90e2d1_6IfQ4OU0ou.pdf', '32', '2024-04-02 11:34:33', '2024-04-02 11:34:33'),
(73, '660c4fb90f8d9_7Suai2sTvQ.pdf', '32', '2024-04-02 11:34:33', '2024-04-02 11:34:33'),
(74, '660c4fb911784_dVC9NMYfL0.pdf', '32', '2024-04-02 11:34:33', '2024-04-02 11:34:33'),
(75, '660c501fdd489_Vopa0htFX2.pdf', '33', '2024-04-02 11:36:15', '2024-04-02 11:36:15'),
(76, '660c50548c94f_CeH2AjDliK.pdf', '34', '2024-04-02 11:37:08', '2024-04-02 11:37:08'),
(77, '660c50548eb63_eczFt7YpNR.pdf', '34', '2024-04-02 11:37:08', '2024-04-02 11:37:08'),
(78, '660c50b18d314_ozUf4TZWmp.pdf', '35', '2024-04-02 11:38:41', '2024-04-02 11:38:41'),
(79, '660c50f60a879_f6UMG7NbMq.pdf', '36', '2024-04-02 11:39:50', '2024-04-02 11:39:50'),
(80, '660c50f60bd96_iaTPphGuWj.pdf', '36', '2024-04-02 11:39:50', '2024-04-02 11:39:50'),
(81, '660c5161a7922_ZLePE3805z.pdf', '37', '2024-04-02 11:41:37', '2024-04-02 11:41:37'),
(82, '660c5161a9296_j4Qu0OfEpr.pdf', '37', '2024-04-02 11:41:37', '2024-04-02 11:41:37'),
(83, '660c5161aa856_Qr1b3Xf3oZ.pdf', '37', '2024-04-02 11:41:37', '2024-04-02 11:41:37'),
(84, '660c5161abdca_S666tjM7r9.pdf', '37', '2024-04-02 11:41:37', '2024-04-02 11:41:37'),
(85, '660c51a3d7ae4_7WS5bswk5u.pdf', '38', '2024-04-02 11:42:43', '2024-04-02 11:42:43'),
(86, '660c51a3d949d_0tyHQuWT1F.pdf', '38', '2024-04-02 11:42:43', '2024-04-02 11:42:43'),
(87, '660c51a3db0d4_1RUb1Ne7br.pdf', '38', '2024-04-02 11:42:43', '2024-04-02 11:42:43'),
(88, '660c5220eae70_EfC6pgRdk9.pdf', '39', '2024-04-02 11:44:48', '2024-04-02 11:44:48'),
(89, '660c5220ecb1c_vqn83RNfNt.pdf', '39', '2024-04-02 11:44:48', '2024-04-02 11:44:48'),
(90, '660c52484e25e_0wawodWX8f.pdf', '40', '2024-04-02 11:45:28', '2024-04-02 11:45:28'),
(91, '660c52484fa7a_Ndmak5jAGn.pdf', '40', '2024-04-02 11:45:28', '2024-04-02 11:45:28'),
(92, '660c52485112f_ZdxOCev6qW.pdf', '40', '2024-04-02 11:45:28', '2024-04-02 11:45:28'),
(93, '660c524852aab_19yX4H0uWK.pdf', '40', '2024-04-02 11:45:28', '2024-04-02 11:45:28');

-- --------------------------------------------------------

--
-- Table structure for table `personal_access_tokens`
--

CREATE TABLE `personal_access_tokens` (
  `id` bigint(20) UNSIGNED NOT NULL,
  `tokenable_type` varchar(255) NOT NULL,
  `tokenable_id` bigint(20) UNSIGNED NOT NULL,
  `name` varchar(255) NOT NULL,
  `token` varchar(64) NOT NULL,
  `abilities` text DEFAULT NULL,
  `last_used_at` timestamp NULL DEFAULT NULL,
  `expires_at` timestamp NULL DEFAULT NULL,
  `created_at` timestamp NULL DEFAULT NULL,
  `updated_at` timestamp NULL DEFAULT NULL
) ENGINE=InnoDB DEFAULT CHARSET=utf8mb4 COLLATE=utf8mb4_unicode_ci;

-- --------------------------------------------------------

--
-- Table structure for table `planning_sum_hours`
--

CREATE TABLE `planning_sum_hours` (
  `psh_id` bigint(20) UNSIGNED NOT NULL,
  `psh_describe` int(11) NOT NULL,
  `psh_practice` int(11) NOT NULL,
  `psh_self` int(11) NOT NULL,
  `ts_id` varchar(255) NOT NULL,
  `created_at` timestamp NULL DEFAULT NULL,
  `updated_at` timestamp NULL DEFAULT NULL
) ENGINE=InnoDB DEFAULT CHARSET=utf8mb4 COLLATE=utf8mb4_unicode_ci;

--
-- Dumping data for table `planning_sum_hours`
--

INSERT INTO `planning_sum_hours` (`psh_id`, `psh_describe`, `psh_practice`, `psh_self`, `ts_id`, `created_at`, `updated_at`) VALUES
(1, 30, 20, 30, '65', '2024-04-01 09:07:10', '2024-04-01 09:07:10'),
(2, 30, 30, 75, '53', '2024-04-01 09:36:25', '2024-04-01 09:36:25'),
(3, 30, 75, 20, '248', '2024-04-03 15:40:22', '2024-04-03 15:40:22');

-- --------------------------------------------------------

--
-- Table structure for table `planning_topics`
--

CREATE TABLE `planning_topics` (
  `pt_id` bigint(20) UNSIGNED NOT NULL,
  `pt_title` varchar(255) NOT NULL,
  `doc_type` varchar(255) NOT NULL,
  `created_at` timestamp NULL DEFAULT NULL,
  `updated_at` timestamp NULL DEFAULT NULL
) ENGINE=InnoDB DEFAULT CHARSET=utf8mb4 COLLATE=utf8mb4_unicode_ci;

--
-- Dumping data for table `planning_topics`
--

INSERT INTO `planning_topics` (`pt_id`, `pt_title`, `doc_type`, `created_at`, `updated_at`) VALUES
(1, 'ผลลัพธ์การเรียนรู้รายวิชา\n(CLOs)', '1', NULL, NULL),
(2, 'หัวข้อบรรยาย', '1', NULL, NULL),
(3, 'วิธีการสอน', '1', NULL, NULL),
(4, 'สื่อการสอน', '1', NULL, NULL),
(5, 'วิธีการและเครื่องมือ\nประเมินผลการสอน', '1', NULL, NULL),
(6, 'ผลลัพธ์การเรียนรู้รายวิชา\n(CLOs)', '2', NULL, NULL),
(7, 'กิจกรรม', '2', NULL, NULL),
(8, 'การติดตามผล', '2', NULL, NULL),
(9, 'วิธีการและเครื่องมือ\nประเมินผลการสอน', '2', NULL, NULL);

-- --------------------------------------------------------

--
-- Table structure for table `planning_week_hours`
--

CREATE TABLE `planning_week_hours` (
  `pw_id` bigint(20) UNSIGNED NOT NULL,
  `pw_week` varchar(255) NOT NULL,
  `pw_hour` int(11) NOT NULL,
  `ts_id` varchar(255) NOT NULL,
  `created_at` timestamp NULL DEFAULT NULL,
  `updated_at` timestamp NULL DEFAULT NULL
) ENGINE=InnoDB DEFAULT CHARSET=utf8mb4 COLLATE=utf8mb4_unicode_ci;

--
-- Dumping data for table `planning_week_hours`
--

INSERT INTO `planning_week_hours` (`pw_id`, `pw_week`, `pw_hour`, `ts_id`, `created_at`, `updated_at`) VALUES
(1, '1', 4, '53', '2024-04-01 08:59:16', '2024-04-01 08:59:16'),
(2, '1', 4, '65', '2024-04-01 09:06:17', '2024-04-01 09:06:17'),
(3, '2', 4, '53', '2024-04-01 09:28:59', '2024-04-01 09:29:07'),
(5, '1', 6, '248', '2024-04-03 12:24:51', '2024-04-03 12:24:51'),
(6, '2', 4, '248', '2024-04-03 12:24:56', '2024-04-03 12:24:56'),
(7, '2', 4, '248', '2024-04-03 12:24:59', '2024-04-03 12:24:59'),
(8, '3', 4, '248', '2024-04-03 12:25:02', '2024-04-03 12:25:02');

-- --------------------------------------------------------

--
-- Table structure for table `planning_week_lists`
--

CREATE TABLE `planning_week_lists` (
  `pwl_id` bigint(20) UNSIGNED NOT NULL,
  `pwl_title` varchar(255) NOT NULL,
  `pw_id` varchar(255) NOT NULL,
  `pt_id` varchar(255) NOT NULL,
  `created_at` timestamp NULL DEFAULT NULL,
  `updated_at` timestamp NULL DEFAULT NULL
) ENGINE=InnoDB DEFAULT CHARSET=utf8mb4 COLLATE=utf8mb4_unicode_ci;

--
-- Dumping data for table `planning_week_lists`
--

INSERT INTO `planning_week_lists` (`pwl_id`, `pwl_title`, `pw_id`, `pt_id`, `created_at`, `updated_at`) VALUES
(2, 'สามารถอธิบายความสําคัญของการวิจัยได้', '1', '1', '2024-04-01 09:30:25', '2024-04-01 09:30:31'),
(3, 'สามารถยกตัวอย่างประเภทงานวิจัยได้', '1', '1', '2024-04-01 09:30:39', '2024-04-01 09:30:39'),
(4, 'สามารถบอกลักษณะเฉพาะของโปรแกรมสําเร็จรูปทางการวิจัย ได้', '1', '1', '2024-04-01 09:30:47', '2024-04-01 09:30:47'),
(5, 'ความรู้เบื้องต้นเกี่ยวกับการวิจัย', '1', '2', '2024-04-01 09:30:52', '2024-04-01 09:30:52'),
(6, 'สถิติทางการวิจัย', '1', '2', '2024-04-01 09:30:55', '2024-04-01 09:30:55'),
(7, 'โปรแกรมสําเร็จรูปทางสถิติและการวิจัย', '1', '2', '2024-04-01 09:31:01', '2024-04-01 09:31:01'),
(8, 'บรรยาย', '1', '3', '2024-04-01 09:31:07', '2024-04-01 09:31:07'),
(9, 'ฝึกปฏิบัติการทําโจทย์', '1', '3', '2024-04-01 09:31:10', '2024-04-01 09:31:10'),
(10, 'ฝึกใช้โปรแกรมด้านสถิติเพื่อการประมวลผล', '1', '3', '2024-04-01 09:31:18', '2024-04-01 09:31:18'),
(11, 'เอกสารประกอบการสอน/ตํารา', '1', '4', '2024-04-01 09:31:23', '2024-04-01 09:31:23'),
(12, 'สื่อนําเสนอ', '1', '4', '2024-04-01 09:31:29', '2024-04-01 09:31:29'),
(13, 'โปรแกรมด้านสถิติ', '1', '4', '2024-04-01 09:31:35', '2024-04-01 09:31:35'),
(14, 'สื่อทางอินเทอร์เน็ต', '1', '4', '2024-04-01 09:31:38', '2024-04-01 09:31:38'),
(15, 'สังเกตพฤติกรรม', '1', '5', '2024-04-01 09:31:44', '2024-04-01 09:31:44'),
(16, 'การตอบคําถาม', '1', '5', '2024-04-01 09:31:48', '2024-04-01 09:31:48'),
(17, 'การทําโจทย์ที่มอบหมาย', '1', '5', '2024-04-01 09:31:52', '2024-04-01 09:31:52'),
(18, 'การสอบทฤษฎีและปฏิบัติ', '1', '5', '2024-04-01 09:31:55', '2024-04-01 09:31:55'),
(19, 'สอบกลางภาคและปลายภาค', '1', '5', '2024-04-01 09:31:59', '2024-04-01 09:31:59'),
(20, 'สามารถอธิบายความสําคัญของข้อมูลและตัวแปรได้', '3', '1', '2024-04-01 09:32:36', '2024-04-01 09:32:36'),
(21, 'สามารถอธิบายมาตรการวัดและยกตัวอย่างได้', '3', '1', '2024-04-01 09:32:41', '2024-04-01 09:32:41'),
(22, 'สามารถใช้งานโปรแกรมPSPPได้', '3', '1', '2024-04-01 09:32:50', '2024-04-01 09:32:50'),
(23, 'ตัวแปรสําหรับการวิจัย', '3', '2', '2024-04-01 09:33:00', '2024-04-01 09:33:00'),
(24, 'ระดับการวัดของตัวแปร', '3', '2', '2024-04-01 09:33:03', '2024-04-01 09:33:03'),
(25, 'การใช้งานโปรแกรม PSPP', '3', '2', '2024-04-01 09:33:08', '2024-04-01 09:33:08'),
(26, 'การป้อนข้อมูลเข้าสู่โปรแกรม', '3', '2', '2024-04-01 09:33:11', '2024-04-01 09:33:11'),
(27, 'บรรยาย', '3', '3', '2024-04-01 09:33:16', '2024-04-01 09:33:16'),
(28, 'ฝึกปฏิบัติการทําโจทย์', '3', '3', '2024-04-01 09:33:19', '2024-04-01 09:33:19'),
(29, 'ฝึกใช้โปรแกรมด้านสถิติเพื่อการ ประมวลผล', '3', '3', '2024-04-01 09:33:25', '2024-04-01 09:33:25'),
(30, 'เอกสารประกอบการสอน/ตํารา', '3', '4', '2024-04-01 09:33:30', '2024-04-01 09:33:30'),
(31, 'สื่อนําเสนอ', '3', '4', '2024-04-01 09:33:37', '2024-04-01 09:33:37'),
(32, 'โปรแกรมด้านสถิติ', '3', '4', '2024-04-01 09:33:40', '2024-04-01 09:33:40'),
(33, 'สื่อทางอินเทอร์เน็ต', '3', '4', '2024-04-01 09:33:43', '2024-04-01 09:33:43'),
(34, 'สังเกตพฤติกรรม', '3', '5', '2024-04-01 09:33:48', '2024-04-01 09:33:48'),
(35, 'การตอบคําถาม', '3', '5', '2024-04-01 09:33:52', '2024-04-01 09:33:52'),
(36, 'การทําโจทย์ที่มอบหมาย', '3', '5', '2024-04-01 09:33:56', '2024-04-01 09:33:56'),
(37, 'การสอบทฤษฎีและปฏิบัติ', '3', '5', '2024-04-01 09:34:00', '2024-04-01 09:34:00'),
(38, 'สอบกลางภาคและปลายภาค', '3', '5', '2024-04-01 09:34:05', '2024-04-01 09:34:05'),
(39, 'ทักษะการ วิเคราะห์เชิง ตัวเลข', '5', '6', '2024-04-03 12:25:10', '2024-04-03 12:30:12'),
(43, 'ทักษะการ วิเคราะห์เชิง ตัวเลข', '5', '7', '2024-04-03 12:25:54', '2024-04-03 12:30:18'),
(46, 'ทักษะการ วิเคราะห์เชิง ตัวเลข', '5', '7', '2024-04-03 12:25:58', '2024-04-03 12:30:27'),
(47, 'ทักษะการ วิเคราะห์เชิง ตัวเลข', '5', '8', '2024-04-03 12:25:59', '2024-04-03 12:30:33'),
(48, 'ทักษะการ วิเคราะห์เชิง ตัวเลข', '5', '8', '2024-04-03 12:26:00', '2024-04-03 12:30:36'),
(56, 'ทักษะการ วิเคราะห์เชิง ตัวเลข', '5', '9', '2024-04-03 12:30:40', '2024-04-03 12:30:40'),
(57, 'ทักษะการ วิเคราะห์เชิง ตัวเลข', '5', '9', '2024-04-03 12:30:41', '2024-04-03 12:30:41'),
(58, 'ทักษะการ วิเคราะห์เชิง ตัวเลข', '5', '9', '2024-04-03 12:30:42', '2024-04-03 12:30:42'),
(59, 'ทักษะการ วิเคราะห์เชิง ตัวเลข', '5', '6', '2024-04-03 12:30:45', '2024-04-03 12:30:45'),
(60, 'ทักษะการ วิเคราะห์เชิง ตัวเลข', '5', '6', '2024-04-03 12:30:46', '2024-04-03 12:30:46'),
(61, 'ทักษะการ วิเคราะห์เชิง ตัวเลข', '5', '7', '2024-04-03 12:30:48', '2024-04-03 12:30:48'),
(62, 'ทักษะการ วิเคราะห์เชิง ตัวเลข', '5', '7', '2024-04-03 12:30:49', '2024-04-03 12:30:49'),
(63, 'ทักษะการ วิเคราะห์เชิง ตัวเลข', '5', '7', '2024-04-03 12:30:50', '2024-04-03 12:30:50'),
(64, 'ทักษะการ วิเคราะห์เชิง ตัวเลข', '5', '8', '2024-04-03 12:30:57', '2024-04-03 12:30:57'),
(65, 'ทักษะการ วิเคราะห์เชิง ตัวเลข', '5', '8', '2024-04-03 12:30:58', '2024-04-03 12:30:58'),
(66, 'ทักษะการ วิเคราะห์เชิง ตัวเลข', '5', '9', '2024-04-03 12:31:00', '2024-04-03 12:31:00'),
(67, 'ทักษะการ วิเคราะห์เชิง ตัวเลข', '5', '9', '2024-04-03 12:31:01', '2024-04-03 12:31:01'),
(68, 'ทักษะการ วิเคราะห์เชิง ตัวเลข', '6', '6', '2024-04-03 12:32:03', '2024-04-03 12:32:03'),
(69, 'ทักษะการ วิเคราะห์เชิง ตัวเลข', '6', '6', '2024-04-03 12:32:06', '2024-04-03 12:32:06'),
(70, 'ทักษะการ วิเคราะห์เชิง ตัวเลข', '6', '6', '2024-04-03 12:32:08', '2024-04-03 12:32:08'),
(71, 'ทักษะการ วิเคราะห์เชิง ตัวเลข', '6', '6', '2024-04-03 12:32:10', '2024-04-03 12:32:10'),
(72, 'ทักษะการ วิเคราะห์เชิง ตัวเลข', '6', '7', '2024-04-03 12:32:16', '2024-04-03 12:32:16'),
(73, 'ทักษะการ วิเคราะห์เชิง ตัวเลข', '6', '7', '2024-04-03 12:32:18', '2024-04-03 12:32:18'),
(74, 'ทักษะการ วิเคราะห์เชิง ตัวเลข ทักษะการ วิเคราะห์เชิง ตัวเลข', '6', '7', '2024-04-03 12:32:21', '2024-04-03 12:32:21'),
(75, 'ทักษะการ วิเคราะห์เชิง ตัวเลข', '6', '7', '2024-04-03 12:32:23', '2024-04-03 12:32:23'),
(76, 'ทักษะการ วิเคราะห์เชิง ตัวเลข', '6', '8', '2024-04-03 12:32:26', '2024-04-03 12:32:26'),
(77, 'ทักษะการ วิเคราะห์เชิง ตัวเลข', '6', '8', '2024-04-03 12:32:28', '2024-04-03 12:32:28'),
(78, 'ทักษะการ วิเคราะห์เชิง ตัวเลข', '6', '8', '2024-04-03 12:32:29', '2024-04-03 12:32:29'),
(79, 'ทักษะการ วิเคราะห์เชิง ตัวเลข', '6', '8', '2024-04-03 12:32:31', '2024-04-03 12:32:31'),
(80, 'ทักษะการ วิเคราะห์เชิง ตัวเลข', '6', '9', '2024-04-03 12:32:33', '2024-04-03 12:32:33'),
(81, 'ทักษะการ วิเคราะห์เชิง ตัวเลข', '6', '9', '2024-04-03 12:32:36', '2024-04-03 12:32:36'),
(82, 'ทักษะการ วิเคราะห์เชิง ตัวเลข', '6', '9', '2024-04-03 12:32:37', '2024-04-03 12:32:37'),
(83, 'ทักษะการ วิเคราะห์เชิง ตัวเลข ทักษะการ วิเคราะห์เชิง ตัวเลข', '6', '9', '2024-04-03 12:32:41', '2024-04-03 12:32:41'),
(84, 'ทักษะการ วิเคราะห์เชิง ตัวเลข', '7', '6', '2024-04-03 12:32:53', '2024-04-03 12:32:53'),
(85, 'ทักษะการ วิเคราะห์เชิง ตัวเลข', '7', '6', '2024-04-03 12:32:56', '2024-04-03 12:32:56'),
(86, 'ทักษะการ วิเคราะห์เชิง ตัวเลข', '7', '6', '2024-04-03 12:33:00', '2024-04-03 12:33:00'),
(87, 'ทักษะการ วิเคราะห์เชิง ตัวเลข', '7', '6', '2024-04-03 12:33:03', '2024-04-03 12:33:03'),
(88, 'ทักษะการ วิเคราะห์เชิง ตัวเลข', '7', '7', '2024-04-03 12:33:08', '2024-04-03 12:33:08'),
(89, 'ทักษะการ วิเคราะห์เชิง ตัวเลข', '7', '7', '2024-04-03 12:33:10', '2024-04-03 12:33:10'),
(90, 'ทักษะการ วิเคราะห์เชิง ตัวเลข', '7', '7', '2024-04-03 12:33:12', '2024-04-03 12:33:12'),
(91, 'ทักษะการ วิเคราะห์เชิง ตัวเลข', '7', '7', '2024-04-03 12:33:15', '2024-04-03 12:33:15'),
(92, 'ทักษะการ วิเคราะห์เชิง ตัวเลข', '7', '8', '2024-04-03 12:33:20', '2024-04-03 12:33:20'),
(93, 'ทักษะการ วิเคราะห์เชิง ตัวเลข', '7', '9', '2024-04-03 15:37:30', '2024-04-03 15:37:30'),
(94, 'ทักษะการ วิเคราะห์เชิง ตัวเลข', '7', '9', '2024-04-03 15:37:33', '2024-04-03 15:37:33'),
(95, 'ทักษะการ วิเคราะห์เชิง ตัวเลข', '7', '9', '2024-04-03 15:37:35', '2024-04-03 15:37:35'),
(96, 'ทักษะการ วิเคราะห์เชิง ตัวเลข', '7', '8', '2024-04-03 15:37:37', '2024-04-03 15:37:37'),
(97, 'ทักษะการ วิเคราะห์เชิง ตัวเลข', '7', '8', '2024-04-03 15:37:39', '2024-04-03 15:37:39'),
(98, 'ทักษะการ วิเคราะห์เชิง ตัวเลข', '7', '8', '2024-04-03 15:37:40', '2024-04-03 15:37:40'),
(99, 'ทักษะการ วิเคราะห์เชิง ตัวเลข', '7', '8', '2024-04-03 15:37:45', '2024-04-03 15:37:45'),
(100, 'ทักษะการ วิเคราะห์เชิง ตัวเลข', '8', '8', '2024-04-03 15:38:12', '2024-04-03 15:38:12'),
(101, 'ทักษะการ วิเคราะห์เชิง ตัวเลข', '8', '8', '2024-04-03 15:38:14', '2024-04-03 15:38:14'),
(102, 'ทักษะการ วิเคราะห์เชิง ตัวเลข', '8', '8', '2024-04-03 15:38:16', '2024-04-03 15:38:16'),
(103, 'ทักษะการ วิเคราะห์เชิง ตัวเลข', '8', '8', '2024-04-03 15:38:18', '2024-04-03 15:38:18'),
(104, 'ทักษะการ วิเคราะห์เชิง ตัวเลข', '8', '7', '2024-04-03 15:38:22', '2024-04-03 15:38:22'),
(105, 'ทักษะการ วิเคราะห์เชิง ตัวเลข', '8', '7', '2024-04-03 15:38:24', '2024-04-03 15:38:24'),
(106, 'ทักษะการ วิเคราะห์เชิง ตัวเลข', '8', '7', '2024-04-03 15:38:26', '2024-04-03 15:38:26'),
(107, 'ทักษะการ วิเคราะห์เชิง ตัวเลข', '8', '9', '2024-04-03 15:38:49', '2024-04-03 15:38:49'),
(108, 'ทักษะการ วิเคราะห์เชิง ตัวเลข', '8', '9', '2024-04-03 15:38:53', '2024-04-03 15:38:53'),
(109, 'ทักษะการ วิเคราะห์เชิง ตัวเลข', '8', '9', '2024-04-03 15:38:55', '2024-04-03 15:38:55'),
(110, 'ทักษะการ วิเคราะห์เชิง ตัวเลข', '8', '6', '2024-04-03 15:38:59', '2024-04-03 15:38:59'),
(111, 'ทักษะการ วิเคราะห์เชิง ตัวเลข', '8', '6', '2024-04-03 15:39:04', '2024-04-03 15:39:04'),
(112, 'ทักษะการ วิเคราะห์เชิง ตัวเลข', '8', '6', '2024-04-03 15:39:06', '2024-04-03 15:39:06');

-- --------------------------------------------------------

--
-- Table structure for table `prep_plan_lists`
--

CREATE TABLE `prep_plan_lists` (
  `ppl_id` bigint(20) UNSIGNED NOT NULL,
  `ppl_title` varchar(255) NOT NULL,
  `ppt_id` varchar(255) NOT NULL,
  `ts_id` varchar(255) NOT NULL,
  `created_at` timestamp NULL DEFAULT NULL,
  `updated_at` timestamp NULL DEFAULT NULL
) ENGINE=InnoDB DEFAULT CHARSET=utf8mb4 COLLATE=utf8mb4_unicode_ci;

--
-- Dumping data for table `prep_plan_lists`
--

INSERT INTO `prep_plan_lists` (`ppl_id`, `ppl_title`, `ppt_id`, `ts_id`, `created_at`, `updated_at`) VALUES
(1, 'วิเคราะห์ออกแบบส่วนติดต่อผู้ใช้โดยยึดผู้ใช้เป็นศูนย์กลางและสร้างสรรค์ชิ้นงานจากการใช้คอมพิวเตอร์กราฟิก', '1', '248', '2024-04-03 15:47:34', '2024-04-03 16:00:33'),
(2, 'วิเคราะห์ออกแบบส่วนติดต่อผู้ใช้โดยยึดผู้ใช้เป็นศูนย์กลางและสร้างสรรค์ชิ้นงานจากการใช้คอมพิวเตอร์กราฟิก', '1', '248', '2024-04-03 15:47:36', '2024-04-03 16:00:37'),
(3, 'วิเคราะห์ออกแบบส่วนติดต่อผู้ใช้โดยยึดผู้ใช้เป็นศูนย์กลางและสร้างสรรค์ชิ้นงานจากการใช้คอมพิวเตอร์กราฟิก', '2', '248', '2024-04-03 15:47:44', '2024-04-03 16:00:42'),
(4, 'วิเคราะห์ออกแบบส่วนติดต่อผู้ใช้โดยยึดผู้ใช้เป็นศูนย์กลางและสร้างสรรค์ชิ้นงานจากการใช้คอมพิวเตอร์กราฟิก', '2', '248', '2024-04-03 15:47:47', '2024-04-03 16:00:45'),
(5, 'วิเคราะห์ออกแบบส่วนติดต่อผู้ใช้โดยยึดผู้ใช้เป็นศูนย์กลางและสร้างสรรค์ชิ้นงานจากการใช้คอมพิวเตอร์กราฟิก', '3', '248', '2024-04-03 15:47:52', '2024-04-03 16:00:48'),
(6, 'วิเคราะห์ออกแบบส่วนติดต่อผู้ใช้โดยยึดผู้ใช้เป็นศูนย์กลางและสร้างสรรค์ชิ้นงานจากการใช้คอมพิวเตอร์กราฟิก', '3', '248', '2024-04-03 15:47:54', '2024-04-03 16:00:51'),
(7, 'วิเคราะห์ออกแบบส่วนติดต่อผู้ใช้โดยยึดผู้ใช้เป็นศูนย์กลางและสร้างสรรค์ชิ้นงานจากการใช้คอมพิวเตอร์กราฟิก', '3', '248', '2024-04-03 15:47:57', '2024-04-03 16:00:54'),
(8, 'วิเคราะห์ออกแบบส่วนติดต่อผู้ใช้โดยยึดผู้ใช้เป็นศูนย์กลางและสร้างสรรค์ชิ้นงานจากการใช้คอมพิวเตอร์กราฟิก', '4', '248', '2024-04-03 15:48:02', '2024-04-03 16:00:58'),
(9, 'วิเคราะห์ออกแบบส่วนติดต่อผู้ใช้โดยยึดผู้ใช้เป็นศูนย์กลางและสร้างสรรค์ชิ้นงานจากการใช้คอมพิวเตอร์กราฟิก', '4', '248', '2024-04-03 15:48:05', '2024-04-03 16:01:01'),
(10, 'วิเคราะห์ออกแบบส่วนติดต่อผู้ใช้โดยยึดผู้ใช้เป็นศูนย์กลางและสร้างสรรค์ชิ้นงานจากการใช้คอมพิวเตอร์กราฟิก', '4', '248', '2024-04-03 15:48:07', '2024-04-03 16:01:06'),
(11, 'วิเคราะห์ออกแบบส่วนติดต่อผู้ใช้โดยยึดผู้ใช้เป็นศูนย์กลางและสร้างสรรค์ชิ้นงานจากการใช้คอมพิวเตอร์กราฟิก', '5', '248', '2024-04-03 15:48:10', '2024-04-03 16:01:10'),
(12, 'วิเคราะห์ออกแบบส่วนติดต่อผู้ใช้โดยยึดผู้ใช้เป็นศูนย์กลางและสร้างสรรค์ชิ้นงานจากการใช้คอมพิวเตอร์กราฟิก', '5', '248', '2024-04-03 15:48:12', '2024-04-03 16:01:13');

-- --------------------------------------------------------

--
-- Table structure for table `prep_plan_topics`
--

CREATE TABLE `prep_plan_topics` (
  `ppt_id` bigint(20) UNSIGNED NOT NULL,
  `ppt_title` varchar(255) NOT NULL,
  `created_at` timestamp NULL DEFAULT NULL,
  `updated_at` timestamp NULL DEFAULT NULL
) ENGINE=InnoDB DEFAULT CHARSET=utf8mb4 COLLATE=utf8mb4_unicode_ci;

--
-- Dumping data for table `prep_plan_topics`
--

INSERT INTO `prep_plan_topics` (`ppt_id`, `ppt_title`, `created_at`, `updated_at`) VALUES
(1, 'การกำหนดสถานที่ฝึก', NULL, NULL),
(2, 'การเตรียมนักศึกษา', NULL, NULL),
(3, 'การเตรียมอาจารย์ที่ปรึกษา', NULL, NULL),
(4, 'การเตรียมพนักงานพี่เลี้ยงในสถานที่ฝึก', NULL, NULL),
(5, 'การจัดการความเสี่ยง', NULL, NULL);

-- --------------------------------------------------------

--
-- Table structure for table `programs`
--

CREATE TABLE `programs` (
  `p_id` bigint(20) UNSIGNED NOT NULL,
  `p_name` varchar(255) NOT NULL,
  `p_detail` varchar(255) NOT NULL,
  `c_id` varchar(255) DEFAULT NULL,
  `created_at` timestamp NULL DEFAULT NULL,
  `updated_at` timestamp NULL DEFAULT NULL
) ENGINE=InnoDB DEFAULT CHARSET=utf8mb4 COLLATE=utf8mb4_unicode_ci;

--
-- Dumping data for table `programs`
--

INSERT INTO `programs` (`p_id`, `p_name`, `p_detail`, `c_id`, `created_at`, `updated_at`) VALUES
(1, 'สาขาวิชาวิทยาการคอมพิวเตอร์', 'สาขาวิชาวิทยาการคอมพิวเตอร์', '1', '2024-03-17 23:22:56', '2024-03-17 23:53:08'),
(2, 'สาขาวิชาอนามัยสิ่งแวดล้อม', 'สาขาวิชาอนามัยสิ่งแวดล้อม', '4', '2024-03-17 23:23:11', '2024-03-17 23:27:36'),
(4, 'สาขาวิชาคณิตศาสตร์', 'สาขาวิชาคณิตศาสตร์', '8', '2024-03-17 23:23:32', '2024-03-17 23:28:00'),
(6, 'สาขาวิชาการจัดการภัยพิบัติ', 'สาขาวิชาการจัดการภัยพิบัติ', '9', '2024-03-31 11:09:23', '2024-04-02 08:30:12'),
(7, 'สาขาวิชาเทคโนโลยีไฟฟ้าอุตสาหกรรม', 'As Uber works through a huge amount of internal management turmoil.', '12', '2024-03-31 11:09:31', '2024-04-02 08:31:07'),
(8, 'สาขาวิชาเทคโนโลยีดิจิทัล', 'สาขาวิชาเทคโนโลยีดิจิทัล', '16', '2024-03-31 11:11:33', '2024-04-02 08:31:55'),
(10, 'สาขาวิชาเทคโนโลยีการประมง', 'สาขาวิชาเทคโนโลยีการประมง', '19', '2024-03-31 11:11:50', '2024-04-02 08:32:48'),
(12, 'สาขาวิชาเคมี', 'สาขาวิชาเคมี', '22', '2024-04-02 07:42:18', '2024-04-02 08:33:23'),
(13, 'สาขาวิชาชีววิทยา', 'สาขาวิชาชีววิทยา', '28', '2024-04-02 07:43:05', '2024-04-02 08:34:58'),
(14, 'สาขาวิชาเทคโนโลยีอุตสาหกรรม', 'สาขาวิชาเทคโนโลยีอุตสาหกรรม', '31', '2024-04-02 07:43:54', '2024-04-02 08:35:34'),
(15, 'สาขาวิชาเทคโนโลยีสารสนเทศ', 'สาขาวิชาเทคโนโลยีสารสนเทศ', '53', '2024-04-02 07:45:17', '2024-04-02 08:36:20'),
(16, 'สาขาวิชาพืชศาสตร์', 'สาขาวิชาพืชศาสตร์', '35', '2024-04-02 07:45:48', '2024-04-02 08:36:59'),
(17, 'สาขาวิชาฟิสิกส์', 'สาขาวิชาฟิสิกส์', '50', '2024-04-02 07:46:12', '2024-04-02 08:37:40'),
(18, 'สาขาวิชาวิทยาศาสตร์การอาหาร', 'สาขาวิชาวิทยาศาสตร์การอาหาร', '48', '2024-04-02 07:46:47', '2024-04-02 08:38:14'),
(19, 'สาขาวิชาวิทยาศาสตร์สิ่งแวดล้อม', 'สาขาวิชาวิทยาศาสตร์สิ่งแวดล้อม', '43', '2024-04-02 07:47:19', '2024-04-02 08:38:49'),
(20, 'สาขาวิชาสัตวศาสตร์', 'สาขาวิชาสัตวศาสตร์', '40', '2024-04-02 07:47:47', '2024-04-02 08:39:31'),
(21, 'สาขาวิชานวัตกรรมทางการเกษตร', 'สาขาวิชานวัตกรรมทางการเกษตร', '36', '2024-04-02 07:48:21', '2024-04-02 08:40:06');

-- --------------------------------------------------------

--
-- Table structure for table `resources`
--

CREATE TABLE `resources` (
  `rs_id` bigint(20) UNSIGNED NOT NULL,
  `rs_title` varchar(255) NOT NULL,
  `ts_id` varchar(255) NOT NULL,
  `created_at` timestamp NULL DEFAULT NULL,
  `updated_at` timestamp NULL DEFAULT NULL
) ENGINE=InnoDB DEFAULT CHARSET=utf8mb4 COLLATE=utf8mb4_unicode_ci;

-- --------------------------------------------------------

--
-- Table structure for table `subjects`
--

CREATE TABLE `subjects` (
  `s_id` bigint(20) UNSIGNED NOT NULL,
  `s_num` varchar(255) NOT NULL,
  `s_name` varchar(255) NOT NULL,
  `s_name2` varchar(255) NOT NULL,
  `s_credit` varchar(255) NOT NULL,
  `c_id` varchar(255) NOT NULL,
  `doc_type` varchar(255) NOT NULL,
  `created_at` timestamp NULL DEFAULT NULL,
  `updated_at` timestamp NULL DEFAULT NULL
) ENGINE=InnoDB DEFAULT CHARSET=utf8mb4 COLLATE=utf8mb4_unicode_ci;

--
-- Dumping data for table `subjects`
--

INSERT INTO `subjects` (`s_id`, `s_num`, `s_name`, `s_name2`, `s_credit`, `c_id`, `doc_type`, `created_at`, `updated_at`) VALUES
(1, 'SCS0104', 'การประมวลผลแฟ้มข้อมูล', 'การประมวลผลแฟ้มข้อมูล', '3(2-2-5)', '1', '1', '2024-03-17 23:44:06', '2024-03-31 11:13:40'),
(2, 'SCS0107', 'การวิเคราะห์เชิงตัวเลขสําหรับคอมพิวเตอร์', 'การวิเคราะห์เชิงตัวเลขสําหรับคอมพิวเตอร์', '3(2-2-5)', '1', '1', '2024-03-17 23:44:37', '2024-03-17 23:44:37'),
(3, 'SCS0107', 'วิศวกรรมซอฟต์แวร์', 'วิศวกรรมซอฟต์แวร์', '3(2-2-5)', '1', '1', NULL, NULL),
(4, 'SCS0107', 'ระบบสารสนเทศทางภูมิศาสตร์', 'ระบบสารสนเทศทางภูมิศาสตร์', '3(2-2-5)', '1', '1', NULL, NULL),
(5, 'SCS0403', 'การพาณิชย์อิเล็กทรอนิกส์', 'การพาณิชย์อิเล็กทรอนิกส์', '3(2-2-5)', '1', '1', '2024-03-17 23:48:37', '2024-03-17 23:48:37'),
(6, 'SCS0108', 'ซอฟต์แวร์พัฒนาระบบฐานข้อมูล', 'ซอฟต์แวร์พัฒนาระบบฐานข้อมูล', '3(2-2-5)', '1', '1', '2024-03-17 23:49:00', '2024-03-19 02:36:29'),
(7, 'SCS0501', 'การเตรียมฝึกประสบการณ์วิชาชีพ', 'การเตรียมฝึกประสบการณ์วิชาชีพ', '3(2-2-3)', '1', '2', '2024-03-17 23:58:31', '2024-03-17 23:58:39'),
(8, 'SCS0102', 'คณิตศาสตร์พื้นฐาน 1', 'คณิตศาสตร์พื้นฐาน 1', '2(3-2-3)', '8', '1', '2024-03-21 06:09:52', '2024-03-31 22:35:45'),
(9, 'SCS0501', 'คณิตศาสตร์พื้นฐาน', 'คณิตศาสตร์พื้นฐาน', '2(1-2-3)', '8', '1', '2024-03-21 06:10:03', '2024-03-31 22:36:14'),
(10, 'SCS0205', 'สมการเชิงอนุพนธ์', 'สมการเชิงอนุพนธ์', '2(3-3-3)', '8', '1', '2024-03-21 06:10:10', '2024-03-31 22:37:16'),
(11, 'SCS0506', 'โครงงานทางคณิตศาสตร์ 1', 'โครงงานทางคณิตศาสตร์ 1', '2(2-6-3)', '8', '1', '2024-03-21 06:10:17', '2024-03-31 22:37:59'),
(12, 'SCS0205', 'การควบคุมคุณภาพเชิงสถิติ', 'การควบคุมคุณภาพเชิงสถิติ', '2(2-5-3)', '8', '1', '2024-03-31 22:38:27', '2024-03-31 22:40:18'),
(13, 'SCS0508', 'เมเชอร์และปริพนธ์เลอเบก', 'เมเชอร์และปริพนธ์เลอเบก', '2(2-3-6)', '8', '1', '2024-03-31 22:39:09', '2024-03-31 22:39:09'),
(14, 'SCS0305', 'การควบคุมคุณภาพเชิงสถิติ', 'การควบคุมคุณภาพเชิงสถิติ', '2(2-5-3)', '8', '1', '2024-03-31 22:39:53', '2024-03-31 22:39:53'),
(15, 'SCS0606', 'ฝึกประสบการวิชาชีพ', 'ฝึกประสบการทางวิชาชีพ', '2(2-5-6)', '8', '1', '2024-03-31 22:40:59', '2024-03-31 22:41:16'),
(16, 'SCS0104', 'อนามัยสิ่งแวดล้อม', 'อนามัยสิ่งแวดล้อม', '3(2-2-5)', '4', '1', '2024-03-17 16:44:06', '2024-03-31 04:13:40'),
(17, 'SCS0104', 'การสาธารณสุขพื้นฐาน', 'การสาธารณสุขพื้นฐาน', '3(2-2-5)', '4', '1', '2024-03-17 16:44:06', '2024-03-31 04:13:40'),
(18, 'SCS0104', 'การสุขาภิบาลอาหาร', 'การสุขาภิบาลอาหาร', '3(2-2-5)', '4', '1', '2024-03-17 16:44:06', '2024-03-31 04:13:40'),
(19, 'SCS0104', 'การจัดการสุขาภิบาลสิ่งแวดล้อมในโรงพยาบาล', 'การจัดการสุขาภิบาลสิ่งแวดล้อมในโรงพยาบาล', '3(2-2-5)', '4', '1', '2024-03-17 16:44:06', '2024-03-31 04:13:40'),
(20, 'SCS0104', 'การจัดการมลพิษสิ่งแวดล้อมที่ส่งผลกระทบต่อสุขภาพ', 'การจัดการมลพิษสิ่งแวดล้อมที่ส่งผลกระทบต่อสุขภาพ', '3(2-2-5)', '4', '1', '2024-03-17 16:44:06', '2024-03-31 04:13:40'),
(21, 'SCS0104', 'การประเมินผลกระทบสิ่งแวดล้อมและสุขภาพ', 'การประเมินผลกระทบสิ่งแวดล้อมและสุขภาพ', '3(2-2-5)', '4', '1', '2024-03-17 16:44:06', '2024-03-31 04:13:40'),
(22, 'SCS0104', 'การจัดการสัตว์กัดแทะและแมลงนำโรคในงานสุขาภิบาลสิ่งแวดล้อม', 'การจัดการสัตว์กัดแทะและแมลงนำโรคในงานสุขาภิบาลสิ่งแวดล้อม', '3(2-2-5)', '4', '1', '2024-03-17 16:44:06', '2024-04-02 08:56:03'),
(23, 'SCS0104', 'การจัดการภัยพิบัติเบื้องต้น', 'การจัดการภัยพิบัติเบื้องต้น', '3(2-2-5)', '9', '1', '2024-03-17 16:44:06', '2024-03-31 04:13:40'),
(24, 'SCS0104', 'กฎหมายเกี่ยวกับการจัดการภัยพิบัติ', 'กฎหมายเกี่ยวกับการจัดการภัยพิบัติ', '3(2-2-5)', '9', '1', '2024-03-17 16:44:06', '2024-03-31 04:13:40'),
(25, 'SCS0104', 'การจัดการผู้ประสบภัย', 'การจัดการผู้ประสบภัย', '3(2-2-5)', '9', '1', '2024-03-17 16:44:06', '2024-03-31 04:13:40'),
(26, 'SCS0104', 'อุตุนิยมวิทยาและสมุทรศาสตร์', 'อุตุนิยมวิทยาและสมุทรศาสตร์', '3(2-2-5)', '9', '1', '2024-03-17 16:44:06', '2024-03-31 04:13:40'),
(27, 'SCS0104', 'ธรณีฟิสิกส์และธรณีวิทยาทางภัยพิบัติธรรมชาติ', 'ธรณีฟิสิกส์และธรณีวิทยาทางภัยพิบัติธรรมชาติ', '3(2-2-5)', '9', '1', '2024-03-17 16:44:06', '2024-03-31 04:13:40'),
(28, 'SCS0104', 'การจัดการสิ่งแวดล้อมเมือง', 'การจัดการสิ่งแวดล้อมเมือง', '3(2-2-5)', '9', '1', '2024-03-17 16:44:06', '2024-03-31 04:13:40'),
(29, 'SCS0104', 'ระบบสารสนเทศภูมิศาสตร์เพื่อการจัดการภัยพิบัติ', 'ระบบสารสนเทศภูมิศาสตร์เพื่อการจัดการภัยพิบัติ', '3(2-2-5)', '9', '1', '2024-03-17 16:44:06', '2024-03-31 04:13:40'),
(30, 'SCS0104', 'การพยากรณ์และเตือนภัยพิบัติ', 'การพยากรณ์และเตือนภัยพิบัติ', '3(2-2-5)', '9', '1', '2024-03-17 16:44:06', '2024-03-31 04:13:40'),
(31, 'SCS0104', 'การจัดทำแผนที่จากอากาศยานไร้คนขับ', 'การจัดทำแผนที่จากอากาศยานไร้คนขับ', '3(2-2-5)', '9', '1', '2024-03-17 16:44:06', '2024-03-31 04:13:40'),
(32, 'SCS0104', 'การจัดการความเสี่ยงภัยพิบัติ', 'การจัดการความเสี่ยงภัยพิบัติ', '3(2-2-5)', '9', '1', '2024-03-17 16:44:06', '2024-03-31 04:13:40'),
(33, 'SCS0104', 'การเขียนแบบไฟฟ้า', 'การเขียนแบบไฟฟ้า', '3(2-2-5)', '12', '1', '2024-03-17 16:44:06', '2024-03-31 04:13:40'),
(34, 'SCS0104', 'คณิตศาสตร์วิศวกรรมไฟฟ้า', 'คณิตศาสตร์วิศวกรรมไฟฟ้า', '3(2-2-5)', '12', '1', '2024-03-17 16:44:06', '2024-03-31 04:13:40'),
(35, 'SCS0104', 'วิศวกรรมอิเล็กทรอนิกส์', 'วิศวกรรมอิเล็กทรอนิกส์', '3(2-2-5)', '12', '1', '2024-03-17 16:44:06', '2024-03-31 04:13:40'),
(36, 'SCS0104', 'การติดตั้งระบบไฟฟ้าภายในและภายนอกอาคาร', 'การติดตั้งระบบไฟฟ้าภายในและภายนอกอาคาร', '3(2-2-5)', '12', '1', '2024-03-17 16:44:06', '2024-03-31 04:13:40'),
(37, 'SCS0104', 'การวัดและเครื่องมือวัดทางไฟฟ้า', 'การวัดและเครื่องมือวัดทางไฟฟ้า', '3(2-2-5)', '12', '1', '2024-03-17 16:44:06', '2024-03-31 04:13:40'),
(38, 'SCS0104', 'การเขียนโปรแกรมคอมพิวเตอร์เบื้องต้นในงานอุตสาหกรรม', 'การเขียนโปรแกรมคอมพิวเตอร์เบื้องต้นในงานอุตสาหกรรม', '3(2-2-5)', '12', '1', '2024-03-17 16:44:06', '2024-03-31 04:13:40'),
(39, 'SCS0104', 'ปฏิบัติการวงจรไฟฟ้า', 'ปฏิบัติการวงจรไฟฟ้า', '3(2-2-5)', '12', '1', '2024-03-17 16:44:06', '2024-03-31 04:13:40'),
(40, 'SCS0104', 'เครื่องกลไฟฟ้าอิเล็กทรอนิกส์กำลัง', 'เครื่องกลไฟฟ้าอิเล็กทรอนิกส์กำลัง', '3(2-2-5)', '12', '1', '2024-03-17 16:44:06', '2024-03-31 04:13:40'),
(41, 'SCS0104', 'วงจรดิจิทัลและการออกแบบวงจรลอจิก', 'วงจรดิจิทัลและการออกแบบวงจรลอจิก', '3(2-2-5)', '12', '1', '2024-03-17 16:44:06', '2024-03-31 04:13:40'),
(42, 'SCS0104', 'การเขียนแบบไฟฟ้า', 'การเขียนแบบไฟฟ้า', '3(2-2-5)', '16', '1', '2024-03-17 16:44:06', '2024-03-31 04:13:40'),
(43, 'SCS0104', 'คณิตศาสตร์วิศวกรรมไฟฟ้า', 'คณิตศาสตร์วิศวกรรมไฟฟ้า', '3(2-2-5)', '16', '1', '2024-03-17 16:44:06', '2024-03-31 04:13:40'),
(44, 'SCS0104', 'วิศวกรรมอิเล็กทรอนิกส์', 'วิศวกรรมอิเล็กทรอนิกส์', '3(2-2-5)', '16', '1', '2024-03-17 16:44:06', '2024-03-31 04:13:40'),
(45, 'SCS0104', 'การติดตั้งระบบไฟฟ้าภายในและภายนอกอาคาร', 'การติดตั้งระบบไฟฟ้าภายในและภายนอกอาคาร', '3(2-2-5)', '16', '1', '2024-03-17 16:44:06', '2024-03-31 04:13:40'),
(46, 'SCS0104', 'การวัดและเครื่องมือวัดทางไฟฟ้า', 'การวัดและเครื่องมือวัดทางไฟฟ้า', '3(2-2-5)', '16', '1', '2024-03-17 16:44:06', '2024-03-31 04:13:40'),
(47, 'SCS0104', 'การเขียนโปรแกรมคอมพิวเตอร์เบื้องต้นในงานอุตสาหกรรม', 'การเขียนโปรแกรมคอมพิวเตอร์เบื้องต้นในงานอุตสาหกรรม', '3(2-2-5)', '16', '1', '2024-03-17 16:44:06', '2024-03-31 04:13:40'),
(48, 'SCS0104', 'ปฏิบัติการวงจรไฟฟ้า', 'ปฏิบัติการวงจรไฟฟ้า', '3(2-2-5)', '16', '1', '2024-03-17 16:44:06', '2024-03-31 04:13:40'),
(49, 'SCS0104', 'เครื่องกลไฟฟ้าอิเล็กทรอนิกส์กำลัง', 'เครื่องกลไฟฟ้าอิเล็กทรอนิกส์กำลัง', '3(2-2-5)', '16', '1', '2024-03-17 16:44:06', '2024-03-31 04:13:40'),
(50, 'SCS0104', 'วงจรดิจิทัลและการออกแบบวงจรลอจิก', 'เครื่องกลไฟฟ้าอิเล็กทรอนิกส์กำลัง', '3(2-2-5)', '16', '1', '2024-03-17 16:44:06', '2024-03-31 04:13:40'),
(51, 'SCS0104', 'การเขียนแบบไฟฟ้า', 'การเขียนแบบไฟฟ้า', '3(2-2-5)', '16', '1', '2024-03-17 16:44:06', '2024-03-31 04:13:40'),
(52, 'SCS0104', 'คณิตศาสตร์วิศวกรรมไฟฟ้า', 'คณิตศาสตร์วิศวกรรมไฟฟ้า', '3(2-2-5)', '16', '1', '2024-03-17 16:44:06', '2024-03-31 04:13:40'),
(53, 'SCS0104', 'วิศวกรรมอิเล็กทรอนิกส์', 'วิศวกรรมอิเล็กทรอนิกส์', '3(2-2-5)', '16', '1', '2024-03-17 16:44:06', '2024-03-31 04:13:40'),
(54, 'SCS0104', 'การติดตั้งระบบไฟฟ้าภายในและภายนอกอาคาร', 'การติดตั้งระบบไฟฟ้าภายในและภายนอกอาคาร', '3(2-2-5)', '16', '1', '2024-03-17 16:44:06', '2024-03-31 04:13:40'),
(55, 'SCS0104', 'การวัดและเครื่องมือวัดทางไฟฟ้า', 'การวัดและเครื่องมือวัดทางไฟฟ้า', '3(2-2-5)', '16', '1', '2024-03-17 16:44:06', '2024-03-31 04:13:40'),
(56, 'SCS0104', 'การเขียนโปรแกรมคอมพิวเตอร์เบื้องต้นในงานอุตสาหกรรม', 'การเขียนโปรแกรมคอมพิวเตอร์เบื้องต้นในงานอุตสาหกรรม', '3(2-2-5)', '16', '1', '2024-03-17 16:44:06', '2024-03-31 04:13:40'),
(57, 'SCS0104', 'ปฏิบัติการวงจรไฟฟ้า', 'ปฏิบัติการวงจรไฟฟ้า', '3(2-2-5)', '16', '1', '2024-03-17 16:44:06', '2024-03-31 04:13:40'),
(58, 'SCS0104', 'เครื่องกลไฟฟ้าอิเล็กทรอนิกส์กำลัง', 'เครื่องกลไฟฟ้าอิเล็กทรอนิกส์กำลัง', '3(2-2-5)', '16', '1', '2024-03-17 16:44:06', '2024-03-31 04:13:40'),
(59, 'SCS0104', 'วงจรดิจิทัลและการออกแบบวงจรลอจิก', 'เครื่องกลไฟฟ้าอิเล็กทรอนิกส์กำลัง', '3(2-2-5)', '16', '1', '2024-03-17 16:44:06', '2024-03-31 04:13:40'),
(60, 'SCS0104', 'การเขียนโปรแกรมคอมพิวเตอร์เบื้องต้นในงานอุตสาหกรรม', 'การเขียนโปรแกรมคอมพิวเตอร์เบื้องต้นในงานอุตสาหกรรม', '3(2-2-5)', '16', '1', '2024-03-17 16:44:06', '2024-03-31 04:13:40'),
(61, 'SCS0104', 'ปฏิบัติการวงจรไฟฟ้า', 'ปฏิบัติการวงจรไฟฟ้า', '3(2-2-5)', '16', '1', '2024-03-17 16:44:06', '2024-03-31 04:13:40'),
(62, 'SCS0104', 'เครื่องกลไฟฟ้าอิเล็กทรอนิกส์กำลัง', 'เครื่องกลไฟฟ้าอิเล็กทรอนิกส์กำลัง', '3(2-2-5)', '16', '1', '2024-03-17 16:44:06', '2024-03-31 04:13:40'),
(63, 'SCS0104', 'วงจรดิจิทัลและการออกแบบวงจรลอจิก', 'เครื่องกลไฟฟ้าอิเล็กทรอนิกส์กำลัง', '3(2-2-5)', '16', '1', '2024-03-17 16:44:06', '2024-03-31 04:13:40'),
(64, 'SCS0104', 'การเขียนแบบไฟฟ้า', 'การเขียนแบบไฟฟ้า', '3(2-2-5)', '19', '1', '2024-03-17 16:44:06', '2024-03-31 04:13:40'),
(65, 'SCS0104', 'คณิตศาสตร์วิศวกรรมไฟฟ้า', 'คณิตศาสตร์วิศวกรรมไฟฟ้า', '3(2-2-5)', '19', '1', '2024-03-17 16:44:06', '2024-03-31 04:13:40'),
(66, 'SCS0104', 'วิศวกรรมอิเล็กทรอนิกส์', 'วิศวกรรมอิเล็กทรอนิกส์', '3(2-2-5)', '19', '1', '2024-03-17 16:44:06', '2024-03-31 04:13:40'),
(67, 'SCS0104', 'การติดตั้งระบบไฟฟ้าภายในและภายนอกอาคาร', 'การติดตั้งระบบไฟฟ้าภายในและภายนอกอาคาร', '3(2-2-5)', '19', '1', '2024-03-17 16:44:06', '2024-03-31 04:13:40'),
(68, 'SCS0104', 'การวัดและเครื่องมือวัดทางไฟฟ้า', 'การวัดและเครื่องมือวัดทางไฟฟ้า', '3(2-2-5)', '19', '1', '2024-03-17 16:44:06', '2024-03-31 04:13:40'),
(69, 'SCS0104', 'การเขียนโปรแกรมคอมพิวเตอร์เบื้องต้นในงานอุตสาหกรรม', 'การเขียนโปรแกรมคอมพิวเตอร์เบื้องต้นในงานอุตสาหกรรม', '3(2-2-5)', '19', '1', '2024-03-17 16:44:06', '2024-03-31 04:13:40'),
(70, 'SCS0104', 'ปฏิบัติการวงจรไฟฟ้า', 'ปฏิบัติการวงจรไฟฟ้า', '3(2-2-5)', '19', '1', '2024-03-17 16:44:06', '2024-03-31 04:13:40'),
(71, 'SCS0104', 'การเขียนแบบไฟฟ้า', 'การเขียนแบบไฟฟ้า', '3(2-2-5)', '19', '1', '2024-03-17 16:44:06', '2024-03-31 04:13:40'),
(72, 'SCS0104', 'คณิตศาสตร์วิศวกรรมไฟฟ้า', 'คณิตศาสตร์วิศวกรรมไฟฟ้า', '3(2-2-5)', '19', '1', '2024-03-17 16:44:06', '2024-03-31 04:13:40'),
(73, 'SCS0104', 'วิศวกรรมอิเล็กทรอนิกส์', 'วิศวกรรมอิเล็กทรอนิกส์', '3(2-2-5)', '19', '1', '2024-03-17 16:44:06', '2024-03-31 04:13:40'),
(74, 'SCS0104', 'การติดตั้งระบบไฟฟ้าภายในและภายนอกอาคาร', 'การติดตั้งระบบไฟฟ้าภายในและภายนอกอาคาร', '3(2-2-5)', '19', '1', '2024-03-17 16:44:06', '2024-03-31 04:13:40'),
(75, 'SCS0104', 'การวัดและเครื่องมือวัดทางไฟฟ้า', 'การวัดและเครื่องมือวัดทางไฟฟ้า', '3(2-2-5)', '19', '1', '2024-03-17 16:44:06', '2024-03-31 04:13:40'),
(76, 'SCS0104', 'การเขียนโปรแกรมคอมพิวเตอร์เบื้องต้นในงานอุตสาหกรรม', 'การเขียนโปรแกรมคอมพิวเตอร์เบื้องต้นในงานอุตสาหกรรม', '3(2-2-5)', '19', '1', '2024-03-17 16:44:06', '2024-03-31 04:13:40'),
(77, 'SCS0104', 'ปฏิบัติการวงจรไฟฟ้า', 'ปฏิบัติการวงจรไฟฟ้า', '3(2-2-5)', '19', '1', '2024-03-17 16:44:06', '2024-03-31 04:13:40'),
(78, 'SCS0104', 'การเขียนแบบไฟฟ้า', 'การเขียนแบบไฟฟ้า', '3(2-2-5)', '22', '1', '2024-03-17 16:44:06', '2024-03-31 04:13:40'),
(79, 'SCS0104', 'คณิตศาสตร์วิศวกรรมไฟฟ้า', 'คณิตศาสตร์วิศวกรรมไฟฟ้า', '3(2-2-5)', '22', '1', '2024-03-17 16:44:06', '2024-03-31 04:13:40'),
(80, 'SCS0104', 'วิศวกรรมอิเล็กทรอนิกส์', 'วิศวกรรมอิเล็กทรอนิกส์', '3(2-2-5)', '22', '1', '2024-03-17 16:44:06', '2024-03-31 04:13:40'),
(81, 'SCS0104', 'การติดตั้งระบบไฟฟ้าภายในและภายนอกอาคาร', 'การติดตั้งระบบไฟฟ้าภายในและภายนอกอาคาร', '3(2-2-5)', '22', '1', '2024-03-17 16:44:06', '2024-03-31 04:13:40'),
(82, 'SCS0104', 'การวัดและเครื่องมือวัดทางไฟฟ้า', 'การวัดและเครื่องมือวัดทางไฟฟ้า', '3(2-2-5)', '22', '1', '2024-03-17 16:44:06', '2024-03-31 04:13:40'),
(83, 'SCS0104', 'การเขียนโปรแกรมคอมพิวเตอร์เบื้องต้นในงานอุตสาหกรรม', 'การเขียนโปรแกรมคอมพิวเตอร์เบื้องต้นในงานอุตสาหกรรม', '3(2-2-5)', '22', '1', '2024-03-17 16:44:06', '2024-03-31 04:13:40'),
(84, 'SCS0104', 'ปฏิบัติการวงจรไฟฟ้า', 'ปฏิบัติการวงจรไฟฟ้า', '3(2-2-5)', '22', '1', '2024-03-17 16:44:06', '2024-03-31 04:13:40'),
(85, 'SCS0104', 'การเขียนแบบไฟฟ้า', 'การเขียนแบบไฟฟ้า', '3(2-2-5)', '22', '1', '2024-03-17 16:44:06', '2024-03-31 04:13:40'),
(86, 'SCS0104', 'คณิตศาสตร์วิศวกรรมไฟฟ้า', 'คณิตศาสตร์วิศวกรรมไฟฟ้า', '3(2-2-5)', '22', '1', '2024-03-17 16:44:06', '2024-03-31 04:13:40'),
(87, 'SCS0104', 'วิศวกรรมอิเล็กทรอนิกส์', 'วิศวกรรมอิเล็กทรอนิกส์', '3(2-2-5)', '22', '1', '2024-03-17 16:44:06', '2024-03-31 04:13:40'),
(88, 'SCS0104', 'การติดตั้งระบบไฟฟ้าภายในและภายนอกอาคาร', 'การติดตั้งระบบไฟฟ้าภายในและภายนอกอาคาร', '3(2-2-5)', '22', '1', '2024-03-17 16:44:06', '2024-03-31 04:13:40'),
(89, 'SCS0104', 'การวัดและเครื่องมือวัดทางไฟฟ้า', 'การวัดและเครื่องมือวัดทางไฟฟ้า', '3(2-2-5)', '22', '1', '2024-03-17 16:44:06', '2024-03-31 04:13:40'),
(90, 'SCS0104', 'การเขียนโปรแกรมคอมพิวเตอร์เบื้องต้นในงานอุตสาหกรรม', 'การเขียนโปรแกรมคอมพิวเตอร์เบื้องต้นในงานอุตสาหกรรม', '3(2-2-5)', '22', '1', '2024-03-17 16:44:06', '2024-03-31 04:13:40'),
(91, 'SCS0104', 'ปฏิบัติการวงจรไฟฟ้า', 'ปฏิบัติการวงจรไฟฟ้า', '3(2-2-5)', '22', '1', '2024-03-17 16:44:06', '2024-03-31 04:13:40'),
(92, 'SCS0104', 'คณิตศาสตร์วิศวกรรมไฟฟ้า', 'คณิตศาสตร์วิศวกรรมไฟฟ้า', '3(2-2-5)', '22', '1', '2024-03-17 16:44:06', '2024-03-31 04:13:40'),
(93, 'SCS0104', 'วิศวกรรมอิเล็กทรอนิกส์', 'วิศวกรรมอิเล็กทรอนิกส์', '3(2-2-5)', '22', '1', '2024-03-17 16:44:06', '2024-03-31 04:13:40'),
(94, 'SCS0104', 'การติดตั้งระบบไฟฟ้าภายในและภายนอกอาคาร', 'การติดตั้งระบบไฟฟ้าภายในและภายนอกอาคาร', '3(2-2-5)', '22', '1', '2024-03-17 16:44:06', '2024-03-31 04:13:40'),
(95, 'SCS0104', 'การวัดและเครื่องมือวัดทางไฟฟ้า', 'การวัดและเครื่องมือวัดทางไฟฟ้า', '3(2-2-5)', '22', '1', '2024-03-17 16:44:06', '2024-03-31 04:13:40'),
(96, 'SCS0104', 'การเขียนโปรแกรมคอมพิวเตอร์เบื้องต้นในงานอุตสาหกรรม', 'การเขียนโปรแกรมคอมพิวเตอร์เบื้องต้นในงานอุตสาหกรรม', '3(2-2-5)', '22', '1', '2024-03-17 16:44:06', '2024-03-31 04:13:40'),
(97, 'SCS0104', 'ปฏิบัติการวงจรไฟฟ้า', 'ปฏิบัติการวงจรไฟฟ้า', '3(2-2-5)', '22', '1', '2024-03-17 16:44:06', '2024-03-31 04:13:40'),
(98, 'SCS0104', 'การเขียนแบบไฟฟ้า', 'การเขียนแบบไฟฟ้า', '3(2-2-5)', '28', '1', '2024-03-17 16:44:06', '2024-03-31 04:13:40'),
(99, 'SCS0104', 'คณิตศาสตร์วิศวกรรมไฟฟ้า', 'คณิตศาสตร์วิศวกรรมไฟฟ้า', '3(2-2-5)', '28', '1', '2024-03-17 16:44:06', '2024-03-31 04:13:40'),
(100, 'SCS0104', 'วิศวกรรมอิเล็กทรอนิกส์', 'วิศวกรรมอิเล็กทรอนิกส์', '3(2-2-5)', '28', '1', '2024-03-17 16:44:06', '2024-03-31 04:13:40'),
(101, 'SCS0104', 'การติดตั้งระบบไฟฟ้าภายในและภายนอกอาคาร', 'การติดตั้งระบบไฟฟ้าภายในและภายนอกอาคาร', '3(2-2-5)', '28', '1', '2024-03-17 16:44:06', '2024-03-31 04:13:40'),
(102, 'SCS0104', 'การวัดและเครื่องมือวัดทางไฟฟ้า', 'การวัดและเครื่องมือวัดทางไฟฟ้า', '3(2-2-5)', '28', '1', '2024-03-17 16:44:06', '2024-03-31 04:13:40'),
(103, 'SCS0104', 'การเขียนโปรแกรมคอมพิวเตอร์เบื้องต้นในงานอุตสาหกรรม', 'การเขียนโปรแกรมคอมพิวเตอร์เบื้องต้นในงานอุตสาหกรรม', '3(2-2-5)', '28', '1', '2024-03-17 16:44:06', '2024-03-31 04:13:40'),
(104, 'SCS0104', 'ปฏิบัติการวงจรไฟฟ้า', 'ปฏิบัติการวงจรไฟฟ้า', '3(2-2-5)', '28', '1', '2024-03-17 16:44:06', '2024-03-31 04:13:40'),
(105, 'SCS0104', 'การเขียนแบบไฟฟ้า', 'การเขียนแบบไฟฟ้า', '3(2-2-5)', '28', '1', '2024-03-17 16:44:06', '2024-03-31 04:13:40'),
(106, 'SCS0104', 'คณิตศาสตร์วิศวกรรมไฟฟ้า', 'คณิตศาสตร์วิศวกรรมไฟฟ้า', '3(2-2-5)', '28', '1', '2024-03-17 16:44:06', '2024-03-31 04:13:40'),
(107, 'SCS0104', 'วิศวกรรมอิเล็กทรอนิกส์', 'วิศวกรรมอิเล็กทรอนิกส์', '3(2-2-5)', '28', '1', '2024-03-17 16:44:06', '2024-03-31 04:13:40'),
(108, 'SCS0104', 'การติดตั้งระบบไฟฟ้าภายในและภายนอกอาคาร', 'การติดตั้งระบบไฟฟ้าภายในและภายนอกอาคาร', '3(2-2-5)', '28', '1', '2024-03-17 16:44:06', '2024-03-31 04:13:40'),
(109, 'SCS0104', 'การวัดและเครื่องมือวัดทางไฟฟ้า', 'การวัดและเครื่องมือวัดทางไฟฟ้า', '3(2-2-5)', '28', '1', '2024-03-17 16:44:06', '2024-03-31 04:13:40'),
(110, 'SCS0104', 'การเขียนโปรแกรมคอมพิวเตอร์เบื้องต้นในงานอุตสาหกรรม', 'การเขียนโปรแกรมคอมพิวเตอร์เบื้องต้นในงานอุตสาหกรรม', '3(2-2-5)', '28', '1', '2024-03-17 16:44:06', '2024-03-31 04:13:40'),
(111, 'SCS0104', 'ปฏิบัติการวงจรไฟฟ้า', 'ปฏิบัติการวงจรไฟฟ้า', '3(2-2-5)', '28', '1', '2024-03-17 16:44:06', '2024-03-31 04:13:40'),
(112, 'SCS0104', 'คณิตศาสตร์วิศวกรรมไฟฟ้า', 'คณิตศาสตร์วิศวกรรมไฟฟ้า', '3(2-2-5)', '28', '1', '2024-03-17 16:44:06', '2024-03-31 04:13:40'),
(113, 'SCS0104', 'วิศวกรรมอิเล็กทรอนิกส์', 'วิศวกรรมอิเล็กทรอนิกส์', '3(2-2-5)', '28', '1', '2024-03-17 16:44:06', '2024-03-31 04:13:40'),
(115, 'SCS0104', 'การติดตั้งระบบไฟฟ้าภายในและภายนอกอาคาร', 'การติดตั้งระบบไฟฟ้าภายในและภายนอกอาคาร', '3(2-2-5)', '28', '1', '2024-03-17 16:44:06', '2024-03-31 04:13:40'),
(116, 'SCS0104', 'การวัดและเครื่องมือวัดทางไฟฟ้า', 'การวัดและเครื่องมือวัดทางไฟฟ้า', '3(2-2-5)', '28', '1', '2024-03-17 16:44:06', '2024-03-31 04:13:40'),
(117, 'SCS0104', 'การเขียนโปรแกรมคอมพิวเตอร์เบื้องต้นในงานอุตสาหกรรม', 'การเขียนโปรแกรมคอมพิวเตอร์เบื้องต้นในงานอุตสาหกรรม', '3(2-2-5)', '28', '1', '2024-03-17 16:44:06', '2024-03-31 04:13:40'),
(118, 'SCS0104', 'ปฏิบัติการวงจรไฟฟ้า', 'ปฏิบัติการวงจรไฟฟ้า', '3(2-2-5)', '28', '1', '2024-03-17 16:44:06', '2024-03-31 04:13:40'),
(119, 'SCS0104', 'ปฏิบัติการวงจรไฟฟ้า', 'ปฏิบัติการวงจรไฟฟ้า', '3(2-2-5)', '28', '1', '2024-03-17 16:44:06', '2024-03-31 04:13:40'),
(120, 'SCS0104', 'คณิตศาสตร์วิศวกรรมไฟฟ้า', 'คณิตศาสตร์วิศวกรรมไฟฟ้า', '3(2-2-5)', '28', '1', '2024-03-17 16:44:06', '2024-03-31 04:13:40'),
(121, 'SCS0104', 'วิศวกรรมอิเล็กทรอนิกส์', 'วิศวกรรมอิเล็กทรอนิกส์', '3(2-2-5)', '28', '1', '2024-03-17 16:44:06', '2024-03-31 04:13:40'),
(122, 'SCS0104', 'การติดตั้งระบบไฟฟ้าภายในและภายนอกอาคาร', 'การติดตั้งระบบไฟฟ้าภายในและภายนอกอาคาร', '3(2-2-5)', '28', '1', '2024-03-17 16:44:06', '2024-03-31 04:13:40'),
(123, 'SCS0104', 'การวัดและเครื่องมือวัดทางไฟฟ้า', 'การวัดและเครื่องมือวัดทางไฟฟ้า', '3(2-2-5)', '28', '1', '2024-03-17 16:44:06', '2024-03-31 04:13:40'),
(124, 'SCS0104', 'การเขียนโปรแกรมคอมพิวเตอร์เบื้องต้นในงานอุตสาหกรรม', 'การเขียนโปรแกรมคอมพิวเตอร์เบื้องต้นในงานอุตสาหกรรม', '3(2-2-5)', '28', '1', '2024-03-17 16:44:06', '2024-03-31 04:13:40'),
(125, 'SCS0104', 'ปฏิบัติการวงจรไฟฟ้า', 'ปฏิบัติการวงจรไฟฟ้า', '3(2-2-5)', '28', '1', '2024-03-17 16:44:06', '2024-03-31 04:13:40'),
(126, 'SCS0104', 'การเขียนแบบไฟฟ้า', 'การเขียนแบบไฟฟ้า', '3(2-2-5)', '31', '1', '2024-03-17 16:44:06', '2024-03-31 04:13:40'),
(127, 'SCS0104', 'คณิตศาสตร์วิศวกรรมไฟฟ้า', 'คณิตศาสตร์วิศวกรรมไฟฟ้า', '3(2-2-5)', '31', '1', '2024-03-17 16:44:06', '2024-03-31 04:13:40'),
(128, 'SCS0104', 'วิศวกรรมอิเล็กทรอนิกส์', 'วิศวกรรมอิเล็กทรอนิกส์', '3(2-2-5)', '31', '1', '2024-03-17 16:44:06', '2024-03-31 04:13:40'),
(129, 'SCS0104', 'การติดตั้งระบบไฟฟ้าภายในและภายนอกอาคาร', 'การติดตั้งระบบไฟฟ้าภายในและภายนอกอาคาร', '3(2-2-5)', '31', '1', '2024-03-17 16:44:06', '2024-03-31 04:13:40'),
(130, 'SCS0104', 'การวัดและเครื่องมือวัดทางไฟฟ้า', 'การวัดและเครื่องมือวัดทางไฟฟ้า', '3(2-2-5)', '31', '1', '2024-03-17 16:44:06', '2024-03-31 04:13:40'),
(131, 'SCS0104', 'การเขียนโปรแกรมคอมพิวเตอร์เบื้องต้นในงานอุตสาหกรรม', 'การเขียนโปรแกรมคอมพิวเตอร์เบื้องต้นในงานอุตสาหกรรม', '3(2-2-5)', '31', '1', '2024-03-17 16:44:06', '2024-03-31 04:13:40'),
(132, 'SCS0104', 'ปฏิบัติการวงจรไฟฟ้า', 'ปฏิบัติการวงจรไฟฟ้า', '3(2-2-5)', '31', '1', '2024-03-17 16:44:06', '2024-03-31 04:13:40'),
(133, 'SCS0104', 'การเขียนแบบไฟฟ้า', 'การเขียนแบบไฟฟ้า', '3(2-2-5)', '31', '1', '2024-03-17 16:44:06', '2024-03-31 04:13:40'),
(134, 'SCS0104', 'คณิตศาสตร์วิศวกรรมไฟฟ้า', 'คณิตศาสตร์วิศวกรรมไฟฟ้า', '3(2-2-5)', '31', '1', '2024-03-17 16:44:06', '2024-03-31 04:13:40'),
(135, 'SCS0104', 'วิศวกรรมอิเล็กทรอนิกส์', 'วิศวกรรมอิเล็กทรอนิกส์', '3(2-2-5)', '31', '1', '2024-03-17 16:44:06', '2024-03-31 04:13:40'),
(136, 'SCS0104', 'การติดตั้งระบบไฟฟ้าภายในและภายนอกอาคาร', 'การติดตั้งระบบไฟฟ้าภายในและภายนอกอาคาร', '3(2-2-5)', '31', '1', '2024-03-17 16:44:06', '2024-03-31 04:13:40'),
(137, 'SCS0104', 'การวัดและเครื่องมือวัดทางไฟฟ้า', 'การวัดและเครื่องมือวัดทางไฟฟ้า', '3(2-2-5)', '31', '1', '2024-03-17 16:44:06', '2024-03-31 04:13:40'),
(138, 'SCS0104', 'การเขียนโปรแกรมคอมพิวเตอร์เบื้องต้นในงานอุตสาหกรรม', 'การเขียนโปรแกรมคอมพิวเตอร์เบื้องต้นในงานอุตสาหกรรม', '3(2-2-5)', '31', '1', '2024-03-17 16:44:06', '2024-03-31 04:13:40'),
(139, 'SCS0104', 'ปฏิบัติการวงจรไฟฟ้า', 'ปฏิบัติการวงจรไฟฟ้า', '3(2-2-5)', '31', '1', '2024-03-17 16:44:06', '2024-03-31 04:13:40'),
(140, 'SCS0104', 'คณิตศาสตร์วิศวกรรมไฟฟ้า', 'คณิตศาสตร์วิศวกรรมไฟฟ้า', '3(2-2-5)', '31', '1', '2024-03-17 16:44:06', '2024-03-31 04:13:40'),
(141, 'SCS0104', 'วิศวกรรมอิเล็กทรอนิกส์', 'วิศวกรรมอิเล็กทรอนิกส์', '3(2-2-5)', '31', '1', '2024-03-17 16:44:06', '2024-03-31 04:13:40'),
(142, 'SCS0104', 'การติดตั้งระบบไฟฟ้าภายในและภายนอกอาคาร', 'การติดตั้งระบบไฟฟ้าภายในและภายนอกอาคาร', '3(2-2-5)', '31', '1', '2024-03-17 16:44:06', '2024-03-31 04:13:40'),
(143, 'SCS0104', 'การวัดและเครื่องมือวัดทางไฟฟ้า', 'การวัดและเครื่องมือวัดทางไฟฟ้า', '3(2-2-5)', '31', '1', '2024-03-17 16:44:06', '2024-03-31 04:13:40'),
(144, 'SCS0104', 'การเขียนโปรแกรมคอมพิวเตอร์เบื้องต้นในงานอุตสาหกรรม', 'การเขียนโปรแกรมคอมพิวเตอร์เบื้องต้นในงานอุตสาหกรรม', '3(2-2-5)', '31', '1', '2024-03-17 16:44:06', '2024-03-31 04:13:40'),
(145, 'SCS0104', 'ปฏิบัติการวงจรไฟฟ้า', 'ปฏิบัติการวงจรไฟฟ้า', '3(2-2-5)', '31', '1', '2024-03-17 16:44:06', '2024-03-31 04:13:40'),
(146, 'SCS0104', 'ปฏิบัติการวงจรไฟฟ้า', 'ปฏิบัติการวงจรไฟฟ้า', '3(2-2-5)', '31', '1', '2024-03-17 16:44:06', '2024-03-31 04:13:40'),
(147, 'SCS0104', 'คณิตศาสตร์วิศวกรรมไฟฟ้า', 'คณิตศาสตร์วิศวกรรมไฟฟ้า', '3(2-2-5)', '31', '1', '2024-03-17 16:44:06', '2024-03-31 04:13:40'),
(148, 'SCS0104', 'วิศวกรรมอิเล็กทรอนิกส์', 'วิศวกรรมอิเล็กทรอนิกส์', '3(2-2-5)', '31', '1', '2024-03-17 16:44:06', '2024-03-31 04:13:40'),
(149, 'SCS0104', 'การติดตั้งระบบไฟฟ้าภายในและภายนอกอาคาร', 'การติดตั้งระบบไฟฟ้าภายในและภายนอกอาคาร', '3(2-2-5)', '31', '1', '2024-03-17 16:44:06', '2024-03-31 04:13:40'),
(150, 'SCS0104', 'การวัดและเครื่องมือวัดทางไฟฟ้า', 'การวัดและเครื่องมือวัดทางไฟฟ้า', '3(2-2-5)', '31', '1', '2024-03-17 16:44:06', '2024-03-31 04:13:40'),
(151, 'SCS0104', 'การเขียนโปรแกรมคอมพิวเตอร์เบื้องต้นในงานอุตสาหกรรม', 'การเขียนโปรแกรมคอมพิวเตอร์เบื้องต้นในงานอุตสาหกรรม', '3(2-2-5)', '31', '1', '2024-03-17 16:44:06', '2024-03-31 04:13:40'),
(152, 'SCS0104', 'ปฏิบัติการวงจรไฟฟ้า', 'ปฏิบัติการวงจรไฟฟ้า', '3(2-2-5)', '31', '1', '2024-03-17 16:44:06', '2024-03-31 04:13:40'),
(153, 'SCS0104', 'การเขียนแบบไฟฟ้า', 'การเขียนแบบไฟฟ้า', '3(2-2-5)', '53', '1', '2024-03-17 16:44:06', '0000-00-00 00:00:00'),
(154, 'SCS0104', 'คณิตศาสตร์วิศวกรรมไฟฟ้า', 'คณิตศาสตร์วิศวกรรมไฟฟ้า', '3(2-2-5)', '53', '1', '2024-03-17 16:44:06', '0000-00-00 00:00:00'),
(155, 'SCS0104', 'วิศวกรรมอิเล็กทรอนิกส์', 'วิศวกรรมอิเล็กทรอนิกส์', '3(2-2-5)', '53', '1', '2024-03-17 16:44:06', '0000-00-00 00:00:00'),
(156, 'SCS0104', 'การติดตั้งระบบไฟฟ้าภายในและภายนอกอาคาร', 'การติดตั้งระบบไฟฟ้าภายในและภายนอกอาคาร', '3(2-2-5)', '53', '1', '2024-03-17 16:44:06', '0000-00-00 00:00:00'),
(157, 'SCS0104', 'การวัดและเครื่องมือวัดทางไฟฟ้า', 'การวัดและเครื่องมือวัดทางไฟฟ้า', '3(2-2-5)', '53', '1', '2024-03-17 16:44:06', '0000-00-00 00:00:00'),
(158, 'SCS0104', 'การเขียนโปรแกรมคอมพิวเตอร์เบื้องต้นในงานอุตสาหกรรม', 'การเขียนโปรแกรมคอมพิวเตอร์เบื้องต้นในงานอุตสาหกรรม', '3(2-2-5)', '53', '1', '2024-03-17 16:44:06', '0000-00-00 00:00:00'),
(159, 'SCS0104', 'ปฏิบัติการวงจรไฟฟ้า', 'ปฏิบัติการวงจรไฟฟ้า', '3(2-2-5)', '53', '1', '2024-03-17 16:44:06', '0000-00-00 00:00:00'),
(160, 'SCS0104', 'การเขียนแบบไฟฟ้า', 'การเขียนแบบไฟฟ้า', '3(2-2-5)', '53', '1', '2024-03-17 16:44:06', '0000-00-00 00:00:00'),
(161, 'SCS0104', 'คณิตศาสตร์วิศวกรรมไฟฟ้า', 'คณิตศาสตร์วิศวกรรมไฟฟ้า', '3(2-2-5)', '53', '1', '2024-03-17 16:44:06', '0000-00-00 00:00:00'),
(162, 'SCS0104', 'วิศวกรรมอิเล็กทรอนิกส์', 'วิศวกรรมอิเล็กทรอนิกส์', '3(2-2-5)', '53', '1', '2024-03-17 16:44:06', '0000-00-00 00:00:00'),
(163, 'SCS0104', 'การติดตั้งระบบไฟฟ้าภายในและภายนอกอาคาร', 'การติดตั้งระบบไฟฟ้าภายในและภายนอกอาคาร', '3(2-2-5)', '53', '1', '2024-03-17 16:44:06', '0000-00-00 00:00:00'),
(164, 'SCS0104', 'การวัดและเครื่องมือวัดทางไฟฟ้า', 'การวัดและเครื่องมือวัดทางไฟฟ้า', '3(2-2-5)', '53', '1', '2024-03-17 16:44:06', '0000-00-00 00:00:00'),
(165, 'SCS0104', 'การเขียนโปรแกรมคอมพิวเตอร์เบื้องต้นในงานอุตสาหกรรม', 'การเขียนโปรแกรมคอมพิวเตอร์เบื้องต้นในงานอุตสาหกรรม', '3(2-2-5)', '53', '1', '2024-03-17 16:44:06', '0000-00-00 00:00:00'),
(166, 'SCS0104', 'ปฏิบัติการวงจรไฟฟ้า', 'ปฏิบัติการวงจรไฟฟ้า', '3(2-2-5)', '53', '1', '2024-03-17 16:44:06', '0000-00-00 00:00:00'),
(167, 'SCS0104', 'คณิตศาสตร์วิศวกรรมไฟฟ้า', 'คณิตศาสตร์วิศวกรรมไฟฟ้า', '3(2-2-5)', '53', '1', '2024-03-17 16:44:06', '0000-00-00 00:00:00'),
(168, 'SCS0104', 'วิศวกรรมอิเล็กทรอนิกส์', 'วิศวกรรมอิเล็กทรอนิกส์', '3(2-2-5)', '53', '1', '2024-03-17 16:44:06', '0000-00-00 00:00:00'),
(169, 'SCS0104', 'การติดตั้งระบบไฟฟ้าภายในและภายนอกอาคาร', 'การติดตั้งระบบไฟฟ้าภายในและภายนอกอาคาร', '3(2-2-5)', '53', '1', '2024-03-17 16:44:06', '0000-00-00 00:00:00'),
(170, 'SCS0104', 'การวัดและเครื่องมือวัดทางไฟฟ้า', 'การวัดและเครื่องมือวัดทางไฟฟ้า', '3(2-2-5)', '53', '1', '2024-03-17 16:44:06', '0000-00-00 00:00:00'),
(171, 'SCS0104', 'การเขียนโปรแกรมคอมพิวเตอร์เบื้องต้นในงานอุตสาหกรรม', 'การเขียนโปรแกรมคอมพิวเตอร์เบื้องต้นในงานอุตสาหกรรม', '3(2-2-5)', '53', '1', '2024-03-17 16:44:06', '0000-00-00 00:00:00'),
(172, 'SCS0104', 'ปฏิบัติการวงจรไฟฟ้า', 'ปฏิบัติการวงจรไฟฟ้า', '3(2-2-5)', '53', '1', '2024-03-17 16:44:06', '0000-00-00 00:00:00'),
(173, 'SCS0104', 'ปฏิบัติการวงจรไฟฟ้า', 'ปฏิบัติการวงจรไฟฟ้า', '3(2-2-5)', '53', '1', '2024-03-17 16:44:06', '0000-00-00 00:00:00'),
(174, 'SCS0104', 'คณิตศาสตร์วิศวกรรมไฟฟ้า', 'คณิตศาสตร์วิศวกรรมไฟฟ้า', '3(2-2-5)', '53', '1', '2024-03-17 16:44:06', '0000-00-00 00:00:00'),
(175, 'SCS0104', 'วิศวกรรมอิเล็กทรอนิกส์', 'วิศวกรรมอิเล็กทรอนิกส์', '3(2-2-5)', '53', '1', '2024-03-17 16:44:06', '0000-00-00 00:00:00'),
(176, 'SCS0104', 'การติดตั้งระบบไฟฟ้าภายในและภายนอกอาคาร', 'การติดตั้งระบบไฟฟ้าภายในและภายนอกอาคาร', '3(2-2-5)', '53', '1', '2024-03-17 16:44:06', '0000-00-00 00:00:00'),
(177, 'SCS0104', 'การวัดและเครื่องมือวัดทางไฟฟ้า', 'การวัดและเครื่องมือวัดทางไฟฟ้า', '3(2-2-5)', '53', '1', '2024-03-17 16:44:06', '0000-00-00 00:00:00'),
(178, 'SCS0104', 'การเขียนโปรแกรมคอมพิวเตอร์เบื้องต้นในงานอุตสาหกรรม', 'การเขียนโปรแกรมคอมพิวเตอร์เบื้องต้นในงานอุตสาหกรรม', '3(2-2-5)', '53', '1', '2024-03-17 16:44:06', '0000-00-00 00:00:00'),
(179, 'SCS0104', 'ปฏิบัติการวงจรไฟฟ้า', 'ปฏิบัติการวงจรไฟฟ้า', '3(2-2-5)', '53', '1', '2024-03-17 16:44:06', '0000-00-00 00:00:00'),
(180, 'SCS0104', 'การเขียนแบบไฟฟ้า', 'การเขียนแบบไฟฟ้า', '3(2-2-5)', '35', '1', '2024-03-17 16:44:06', '0000-00-00 00:00:00'),
(181, 'SCS0104', 'คณิตศาสตร์วิศวกรรมไฟฟ้า', 'คณิตศาสตร์วิศวกรรมไฟฟ้า', '3(2-2-5)', '35', '1', '2024-03-17 16:44:06', '0000-00-00 00:00:00'),
(182, 'SCS0104', 'วิศวกรรมอิเล็กทรอนิกส์', 'วิศวกรรมอิเล็กทรอนิกส์', '3(2-2-5)', '35', '1', '2024-03-17 16:44:06', '0000-00-00 00:00:00'),
(183, 'SCS0104', 'การติดตั้งระบบไฟฟ้าภายในและภายนอกอาคาร', 'การติดตั้งระบบไฟฟ้าภายในและภายนอกอาคาร', '3(2-2-5)', '35', '1', '2024-03-17 16:44:06', '0000-00-00 00:00:00'),
(184, 'SCS0104', 'การวัดและเครื่องมือวัดทางไฟฟ้า', 'การวัดและเครื่องมือวัดทางไฟฟ้า', '3(2-2-5)', '35', '1', '2024-03-17 16:44:06', '0000-00-00 00:00:00'),
(185, 'SCS0104', 'การเขียนโปรแกรมคอมพิวเตอร์เบื้องต้นในงานอุตสาหกรรม', 'การเขียนโปรแกรมคอมพิวเตอร์เบื้องต้นในงานอุตสาหกรรม', '3(2-2-5)', '35', '1', '2024-03-17 16:44:06', '0000-00-00 00:00:00'),
(186, 'SCS0104', 'ปฏิบัติการวงจรไฟฟ้า', 'ปฏิบัติการวงจรไฟฟ้า', '3(2-2-5)', '35', '1', '2024-03-17 16:44:06', '0000-00-00 00:00:00'),
(187, 'SCS0104', 'การเขียนแบบไฟฟ้า', 'การเขียนแบบไฟฟ้า', '3(2-2-5)', '35', '1', '2024-03-17 16:44:06', '0000-00-00 00:00:00'),
(188, 'SCS0104', 'คณิตศาสตร์วิศวกรรมไฟฟ้า', 'คณิตศาสตร์วิศวกรรมไฟฟ้า', '3(2-2-5)', '35', '1', '2024-03-17 16:44:06', '0000-00-00 00:00:00'),
(189, 'SCS0104', 'วิศวกรรมอิเล็กทรอนิกส์', 'วิศวกรรมอิเล็กทรอนิกส์', '3(2-2-5)', '35', '1', '2024-03-17 16:44:06', '0000-00-00 00:00:00'),
(190, 'SCS0104', 'การติดตั้งระบบไฟฟ้าภายในและภายนอกอาคาร', 'การติดตั้งระบบไฟฟ้าภายในและภายนอกอาคาร', '3(2-2-5)', '35', '1', '2024-03-17 16:44:06', '0000-00-00 00:00:00'),
(191, 'SCS0104', 'การวัดและเครื่องมือวัดทางไฟฟ้า', 'การวัดและเครื่องมือวัดทางไฟฟ้า', '3(2-2-5)', '35', '1', '2024-03-17 16:44:06', '0000-00-00 00:00:00'),
(192, 'SCS0104', 'การเขียนโปรแกรมคอมพิวเตอร์เบื้องต้นในงานอุตสาหกรรม', 'การเขียนโปรแกรมคอมพิวเตอร์เบื้องต้นในงานอุตสาหกรรม', '3(2-2-5)', '35', '1', '2024-03-17 16:44:06', '0000-00-00 00:00:00'),
(193, 'SCS0104', 'ปฏิบัติการวงจรไฟฟ้า', 'ปฏิบัติการวงจรไฟฟ้า', '3(2-2-5)', '35', '1', '2024-03-17 16:44:06', '0000-00-00 00:00:00'),
(194, 'SCS0104', 'คณิตศาสตร์วิศวกรรมไฟฟ้า', 'คณิตศาสตร์วิศวกรรมไฟฟ้า', '3(2-2-5)', '35', '1', '2024-03-17 16:44:06', '0000-00-00 00:00:00'),
(195, 'SCS0104', 'วิศวกรรมอิเล็กทรอนิกส์', 'วิศวกรรมอิเล็กทรอนิกส์', '3(2-2-5)', '35', '1', '2024-03-17 16:44:06', '0000-00-00 00:00:00'),
(196, 'SCS0104', 'การติดตั้งระบบไฟฟ้าภายในและภายนอกอาคาร', 'การติดตั้งระบบไฟฟ้าภายในและภายนอกอาคาร', '3(2-2-5)', '35', '1', '2024-03-17 16:44:06', '0000-00-00 00:00:00'),
(197, 'SCS0104', 'การวัดและเครื่องมือวัดทางไฟฟ้า', 'การวัดและเครื่องมือวัดทางไฟฟ้า', '3(2-2-5)', '35', '1', '2024-03-17 16:44:06', '0000-00-00 00:00:00'),
(198, 'SCS0104', 'การเขียนโปรแกรมคอมพิวเตอร์เบื้องต้นในงานอุตสาหกรรม', 'การเขียนโปรแกรมคอมพิวเตอร์เบื้องต้นในงานอุตสาหกรรม', '3(2-2-5)', '35', '1', '2024-03-17 16:44:06', '0000-00-00 00:00:00'),
(199, 'SCS0104', 'ปฏิบัติการวงจรไฟฟ้า', 'ปฏิบัติการวงจรไฟฟ้า', '3(2-2-5)', '35', '1', '2024-03-17 16:44:06', '0000-00-00 00:00:00'),
(200, 'SCS0104', 'ปฏิบัติการวงจรไฟฟ้า', 'ปฏิบัติการวงจรไฟฟ้า', '3(2-2-5)', '35', '1', '2024-03-17 16:44:06', '0000-00-00 00:00:00'),
(201, 'SCS0104', 'คณิตศาสตร์วิศวกรรมไฟฟ้า', 'คณิตศาสตร์วิศวกรรมไฟฟ้า', '3(2-2-5)', '35', '1', '2024-03-17 16:44:06', '0000-00-00 00:00:00'),
(202, 'SCS0104', 'วิศวกรรมอิเล็กทรอนิกส์', 'วิศวกรรมอิเล็กทรอนิกส์', '3(2-2-5)', '35', '1', '2024-03-17 16:44:06', '0000-00-00 00:00:00'),
(203, 'SCS0104', 'การติดตั้งระบบไฟฟ้าภายในและภายนอกอาคาร', 'การติดตั้งระบบไฟฟ้าภายในและภายนอกอาคาร', '3(2-2-5)', '35', '1', '2024-03-17 16:44:06', '0000-00-00 00:00:00'),
(204, 'SCS0104', 'การวัดและเครื่องมือวัดทางไฟฟ้า', 'การวัดและเครื่องมือวัดทางไฟฟ้า', '3(2-2-5)', '35', '1', '2024-03-17 16:44:06', '0000-00-00 00:00:00'),
(205, 'SCS0104', 'การเขียนโปรแกรมคอมพิวเตอร์เบื้องต้นในงานอุตสาหกรรม', 'การเขียนโปรแกรมคอมพิวเตอร์เบื้องต้นในงานอุตสาหกรรม', '3(2-2-5)', '35', '1', '2024-03-17 16:44:06', '0000-00-00 00:00:00'),
(206, 'SCS0104', 'ปฏิบัติการวงจรไฟฟ้า', 'ปฏิบัติการวงจรไฟฟ้า', '3(2-2-5)', '35', '1', '2024-03-17 16:44:06', '0000-00-00 00:00:00'),
(207, 'SCS0104', 'การเขียนแบบไฟฟ้า', 'การเขียนแบบไฟฟ้า', '3(2-2-5)', '50', '1', '2024-03-17 16:44:06', '0000-00-00 00:00:00'),
(208, 'SCS0104', 'คณิตศาสตร์วิศวกรรมไฟฟ้า', 'คณิตศาสตร์วิศวกรรมไฟฟ้า', '3(2-2-5)', '50', '1', '2024-03-17 16:44:06', '0000-00-00 00:00:00'),
(209, 'SCS0104', 'วิศวกรรมอิเล็กทรอนิกส์', 'วิศวกรรมอิเล็กทรอนิกส์', '3(2-2-5)', '50', '1', '2024-03-17 16:44:06', '0000-00-00 00:00:00'),
(210, 'SCS0104', 'การติดตั้งระบบไฟฟ้าภายในและภายนอกอาคาร', 'การติดตั้งระบบไฟฟ้าภายในและภายนอกอาคาร', '3(2-2-5)', '50', '1', '2024-03-17 16:44:06', '0000-00-00 00:00:00'),
(211, 'SCS0104', 'การวัดและเครื่องมือวัดทางไฟฟ้า', 'การวัดและเครื่องมือวัดทางไฟฟ้า', '3(2-2-5)', '50', '1', '2024-03-17 16:44:06', '0000-00-00 00:00:00'),
(212, 'SCS0104', 'การเขียนโปรแกรมคอมพิวเตอร์เบื้องต้นในงานอุตสาหกรรม', 'การเขียนโปรแกรมคอมพิวเตอร์เบื้องต้นในงานอุตสาหกรรม', '3(2-2-5)', '50', '1', '2024-03-17 16:44:06', '0000-00-00 00:00:00'),
(213, 'SCS0104', 'ปฏิบัติการวงจรไฟฟ้า', 'ปฏิบัติการวงจรไฟฟ้า', '3(2-2-5)', '50', '1', '2024-03-17 16:44:06', '0000-00-00 00:00:00'),
(214, 'SCS0104', 'การเขียนแบบไฟฟ้า', 'การเขียนแบบไฟฟ้า', '3(2-2-5)', '50', '1', '2024-03-17 16:44:06', '0000-00-00 00:00:00'),
(215, 'SCS0104', 'คณิตศาสตร์วิศวกรรมไฟฟ้า', 'คณิตศาสตร์วิศวกรรมไฟฟ้า', '3(2-2-5)', '50', '1', '2024-03-17 16:44:06', '0000-00-00 00:00:00'),
(216, 'SCS0104', 'วิศวกรรมอิเล็กทรอนิกส์', 'วิศวกรรมอิเล็กทรอนิกส์', '3(2-2-5)', '50', '1', '2024-03-17 16:44:06', '0000-00-00 00:00:00'),
(217, 'SCS0104', 'การติดตั้งระบบไฟฟ้าภายในและภายนอกอาคาร', 'การติดตั้งระบบไฟฟ้าภายในและภายนอกอาคาร', '3(2-2-5)', '50', '1', '2024-03-17 16:44:06', '0000-00-00 00:00:00'),
(218, 'SCS0104', 'การวัดและเครื่องมือวัดทางไฟฟ้า', 'การวัดและเครื่องมือวัดทางไฟฟ้า', '3(2-2-5)', '50', '1', '2024-03-17 16:44:06', '0000-00-00 00:00:00'),
(219, 'SCS0104', 'การเขียนโปรแกรมคอมพิวเตอร์เบื้องต้นในงานอุตสาหกรรม', 'การเขียนโปรแกรมคอมพิวเตอร์เบื้องต้นในงานอุตสาหกรรม', '3(2-2-5)', '50', '1', '2024-03-17 16:44:06', '0000-00-00 00:00:00'),
(220, 'SCS0104', 'ปฏิบัติการวงจรไฟฟ้า', 'ปฏิบัติการวงจรไฟฟ้า', '3(2-2-5)', '50', '1', '2024-03-17 16:44:06', '0000-00-00 00:00:00'),
(221, 'SCS0104', 'คณิตศาสตร์วิศวกรรมไฟฟ้า', 'คณิตศาสตร์วิศวกรรมไฟฟ้า', '3(2-2-5)', '50', '1', '2024-03-17 16:44:06', '0000-00-00 00:00:00'),
(222, 'SCS0104', 'วิศวกรรมอิเล็กทรอนิกส์', 'วิศวกรรมอิเล็กทรอนิกส์', '3(2-2-5)', '50', '1', '2024-03-17 16:44:06', '0000-00-00 00:00:00'),
(223, 'SCS0104', 'การติดตั้งระบบไฟฟ้าภายในและภายนอกอาคาร', 'การติดตั้งระบบไฟฟ้าภายในและภายนอกอาคาร', '3(2-2-5)', '50', '1', '2024-03-17 16:44:06', '0000-00-00 00:00:00'),
(224, 'SCS0104', 'การวัดและเครื่องมือวัดทางไฟฟ้า', 'การวัดและเครื่องมือวัดทางไฟฟ้า', '3(2-2-5)', '50', '1', '2024-03-17 16:44:06', '0000-00-00 00:00:00'),
(225, 'SCS0104', 'การเขียนโปรแกรมคอมพิวเตอร์เบื้องต้นในงานอุตสาหกรรม', 'การเขียนโปรแกรมคอมพิวเตอร์เบื้องต้นในงานอุตสาหกรรม', '3(2-2-5)', '50', '1', '2024-03-17 16:44:06', '0000-00-00 00:00:00'),
(226, 'SCS0104', 'ปฏิบัติการวงจรไฟฟ้า', 'ปฏิบัติการวงจรไฟฟ้า', '3(2-2-5)', '50', '1', '2024-03-17 16:44:06', '0000-00-00 00:00:00'),
(227, 'SCS0104', 'ปฏิบัติการวงจรไฟฟ้า', 'ปฏิบัติการวงจรไฟฟ้า', '3(2-2-5)', '50', '1', '2024-03-17 16:44:06', '0000-00-00 00:00:00'),
(228, 'SCS0104', 'คณิตศาสตร์วิศวกรรมไฟฟ้า', 'คณิตศาสตร์วิศวกรรมไฟฟ้า', '3(2-2-5)', '50', '1', '2024-03-17 16:44:06', '0000-00-00 00:00:00'),
(229, 'SCS0104', 'วิศวกรรมอิเล็กทรอนิกส์', 'วิศวกรรมอิเล็กทรอนิกส์', '3(2-2-5)', '50', '1', '2024-03-17 16:44:06', '0000-00-00 00:00:00'),
(230, 'SCS0104', 'การติดตั้งระบบไฟฟ้าภายในและภายนอกอาคาร', 'การติดตั้งระบบไฟฟ้าภายในและภายนอกอาคาร', '3(2-2-5)', '50', '1', '2024-03-17 16:44:06', '0000-00-00 00:00:00'),
(231, 'SCS0104', 'การวัดและเครื่องมือวัดทางไฟฟ้า', 'การวัดและเครื่องมือวัดทางไฟฟ้า', '3(2-2-5)', '50', '1', '2024-03-17 16:44:06', '0000-00-00 00:00:00'),
(232, 'SCS0104', 'การเขียนโปรแกรมคอมพิวเตอร์เบื้องต้นในงานอุตสาหกรรม', 'การเขียนโปรแกรมคอมพิวเตอร์เบื้องต้นในงานอุตสาหกรรม', '3(2-2-5)', '50', '1', '2024-03-17 16:44:06', '0000-00-00 00:00:00'),
(233, 'SCS0104', 'ปฏิบัติการวงจรไฟฟ้า', 'ปฏิบัติการวงจรไฟฟ้า', '3(2-2-5)', '50', '1', '2024-03-17 16:44:06', '0000-00-00 00:00:00'),
(234, 'SCS0104', 'การเขียนแบบไฟฟ้า', 'การเขียนแบบไฟฟ้า', '3(2-2-5)', '48', '1', '2024-03-17 16:44:06', '0000-00-00 00:00:00'),
(235, 'SCS0104', 'คณิตศาสตร์วิศวกรรมไฟฟ้า', 'คณิตศาสตร์วิศวกรรมไฟฟ้า', '3(2-2-5)', '48', '1', '2024-03-17 16:44:06', '0000-00-00 00:00:00'),
(236, 'SCS0104', 'วิศวกรรมอิเล็กทรอนิกส์', 'วิศวกรรมอิเล็กทรอนิกส์', '3(2-2-5)', '48', '1', '2024-03-17 16:44:06', '0000-00-00 00:00:00'),
(237, 'SCS0104', 'การติดตั้งระบบไฟฟ้าภายในและภายนอกอาคาร', 'การติดตั้งระบบไฟฟ้าภายในและภายนอกอาคาร', '3(2-2-5)', '48', '1', '2024-03-17 16:44:06', '0000-00-00 00:00:00'),
(238, 'SCS0104', 'การวัดและเครื่องมือวัดทางไฟฟ้า', 'การวัดและเครื่องมือวัดทางไฟฟ้า', '3(2-2-5)', '48', '1', '2024-03-17 16:44:06', '0000-00-00 00:00:00'),
(239, 'SCS0104', 'การเขียนโปรแกรมคอมพิวเตอร์เบื้องต้นในงานอุตสาหกรรม', 'การเขียนโปรแกรมคอมพิวเตอร์เบื้องต้นในงานอุตสาหกรรม', '3(2-2-5)', '48', '1', '2024-03-17 16:44:06', '0000-00-00 00:00:00'),
(240, 'SCS0104', 'ปฏิบัติการวงจรไฟฟ้า', 'ปฏิบัติการวงจรไฟฟ้า', '3(2-2-5)', '48', '1', '2024-03-17 16:44:06', '0000-00-00 00:00:00'),
(241, 'SCS0104', 'การเขียนแบบไฟฟ้า', 'การเขียนแบบไฟฟ้า', '3(2-2-5)', '48', '1', '2024-03-17 16:44:06', '0000-00-00 00:00:00'),
(242, 'SCS0104', 'คณิตศาสตร์วิศวกรรมไฟฟ้า', 'คณิตศาสตร์วิศวกรรมไฟฟ้า', '3(2-2-5)', '48', '1', '2024-03-17 16:44:06', '0000-00-00 00:00:00'),
(243, 'SCS0104', 'วิศวกรรมอิเล็กทรอนิกส์', 'วิศวกรรมอิเล็กทรอนิกส์', '3(2-2-5)', '48', '1', '2024-03-17 16:44:06', '0000-00-00 00:00:00'),
(244, 'SCS0104', 'การติดตั้งระบบไฟฟ้าภายในและภายนอกอาคาร', 'การติดตั้งระบบไฟฟ้าภายในและภายนอกอาคาร', '3(2-2-5)', '48', '1', '2024-03-17 16:44:06', '0000-00-00 00:00:00'),
(245, 'SCS0104', 'การวัดและเครื่องมือวัดทางไฟฟ้า', 'การวัดและเครื่องมือวัดทางไฟฟ้า', '3(2-2-5)', '48', '1', '2024-03-17 16:44:06', '0000-00-00 00:00:00'),
(246, 'SCS0104', 'การเขียนโปรแกรมคอมพิวเตอร์เบื้องต้นในงานอุตสาหกรรม', 'การเขียนโปรแกรมคอมพิวเตอร์เบื้องต้นในงานอุตสาหกรรม', '3(2-2-5)', '48', '1', '2024-03-17 16:44:06', '0000-00-00 00:00:00'),
(247, 'SCS0104', 'ปฏิบัติการวงจรไฟฟ้า', 'ปฏิบัติการวงจรไฟฟ้า', '3(2-2-5)', '48', '1', '2024-03-17 16:44:06', '0000-00-00 00:00:00'),
(248, 'SCS0104', 'คณิตศาสตร์วิศวกรรมไฟฟ้า', 'คณิตศาสตร์วิศวกรรมไฟฟ้า', '3(2-2-5)', '48', '1', '2024-03-17 16:44:06', '0000-00-00 00:00:00'),
(249, 'SCS0104', 'วิศวกรรมอิเล็กทรอนิกส์', 'วิศวกรรมอิเล็กทรอนิกส์', '3(2-2-5)', '48', '1', '2024-03-17 16:44:06', '0000-00-00 00:00:00'),
(250, 'SCS0104', 'การติดตั้งระบบไฟฟ้าภายในและภายนอกอาคาร', 'การติดตั้งระบบไฟฟ้าภายในและภายนอกอาคาร', '3(2-2-5)', '48', '1', '2024-03-17 16:44:06', '0000-00-00 00:00:00'),
(251, 'SCS0104', 'การวัดและเครื่องมือวัดทางไฟฟ้า', 'การวัดและเครื่องมือวัดทางไฟฟ้า', '3(2-2-5)', '48', '1', '2024-03-17 16:44:06', '0000-00-00 00:00:00'),
(252, 'SCS0104', 'การเขียนโปรแกรมคอมพิวเตอร์เบื้องต้นในงานอุตสาหกรรม', 'การเขียนโปรแกรมคอมพิวเตอร์เบื้องต้นในงานอุตสาหกรรม', '3(2-2-5)', '48', '1', '2024-03-17 16:44:06', '0000-00-00 00:00:00'),
(253, 'SCS0104', 'ปฏิบัติการวงจรไฟฟ้า', 'ปฏิบัติการวงจรไฟฟ้า', '3(2-2-5)', '48', '1', '2024-03-17 16:44:06', '0000-00-00 00:00:00'),
(254, 'SCS0104', 'ปฏิบัติการวงจรไฟฟ้า', 'ปฏิบัติการวงจรไฟฟ้า', '3(2-2-5)', '48', '1', '2024-03-17 16:44:06', '0000-00-00 00:00:00'),
(255, 'SCS0104', 'คณิตศาสตร์วิศวกรรมไฟฟ้า', 'คณิตศาสตร์วิศวกรรมไฟฟ้า', '3(2-2-5)', '48', '1', '2024-03-17 16:44:06', '0000-00-00 00:00:00'),
(256, 'SCS0104', 'วิศวกรรมอิเล็กทรอนิกส์', 'วิศวกรรมอิเล็กทรอนิกส์', '3(2-2-5)', '48', '1', '2024-03-17 16:44:06', '0000-00-00 00:00:00'),
(257, 'SCS0104', 'การติดตั้งระบบไฟฟ้าภายในและภายนอกอาคาร', 'การติดตั้งระบบไฟฟ้าภายในและภายนอกอาคาร', '3(2-2-5)', '48', '1', '2024-03-17 16:44:06', '0000-00-00 00:00:00'),
(258, 'SCS0104', 'การวัดและเครื่องมือวัดทางไฟฟ้า', 'การวัดและเครื่องมือวัดทางไฟฟ้า', '3(2-2-5)', '48', '1', '2024-03-17 16:44:06', '0000-00-00 00:00:00'),
(259, 'SCS0104', 'การเขียนโปรแกรมคอมพิวเตอร์เบื้องต้นในงานอุตสาหกรรม', 'การเขียนโปรแกรมคอมพิวเตอร์เบื้องต้นในงานอุตสาหกรรม', '3(2-2-5)', '48', '1', '2024-03-17 16:44:06', '0000-00-00 00:00:00'),
(260, 'SCS0104', 'ปฏิบัติการวงจรไฟฟ้า', 'ปฏิบัติการวงจรไฟฟ้า', '3(2-2-5)', '48', '1', '2024-03-17 16:44:06', '0000-00-00 00:00:00'),
(261, 'SCS0104', 'การเขียนแบบไฟฟ้า', 'การเขียนแบบไฟฟ้า', '3(2-2-5)', '43', '1', '2024-03-17 16:44:06', '0000-00-00 00:00:00'),
(262, 'SCS0104', 'คณิตศาสตร์วิศวกรรมไฟฟ้า', 'คณิตศาสตร์วิศวกรรมไฟฟ้า', '3(2-2-5)', '43', '1', '2024-03-17 16:44:06', '0000-00-00 00:00:00'),
(263, 'SCS0104', 'วิศวกรรมอิเล็กทรอนิกส์', 'วิศวกรรมอิเล็กทรอนิกส์', '3(2-2-5)', '43', '1', '2024-03-17 16:44:06', '0000-00-00 00:00:00'),
(264, 'SCS0104', 'การติดตั้งระบบไฟฟ้าภายในและภายนอกอาคาร', 'การติดตั้งระบบไฟฟ้าภายในและภายนอกอาคาร', '3(2-2-5)', '43', '1', '2024-03-17 16:44:06', '0000-00-00 00:00:00'),
(265, 'SCS0104', 'การวัดและเครื่องมือวัดทางไฟฟ้า', 'การวัดและเครื่องมือวัดทางไฟฟ้า', '3(2-2-5)', '43', '1', '2024-03-17 16:44:06', '0000-00-00 00:00:00'),
(266, 'SCS0104', 'การเขียนโปรแกรมคอมพิวเตอร์เบื้องต้นในงานอุตสาหกรรม', 'การเขียนโปรแกรมคอมพิวเตอร์เบื้องต้นในงานอุตสาหกรรม', '3(2-2-5)', '43', '1', '2024-03-17 16:44:06', '0000-00-00 00:00:00'),
(267, 'SCS0104', 'ปฏิบัติการวงจรไฟฟ้า', 'ปฏิบัติการวงจรไฟฟ้า', '3(2-2-5)', '43', '1', '2024-03-17 16:44:06', '0000-00-00 00:00:00'),
(268, 'SCS0104', 'การเขียนแบบไฟฟ้า', 'การเขียนแบบไฟฟ้า', '3(2-2-5)', '43', '1', '2024-03-17 16:44:06', '0000-00-00 00:00:00'),
(269, 'SCS0104', 'คณิตศาสตร์วิศวกรรมไฟฟ้า', 'คณิตศาสตร์วิศวกรรมไฟฟ้า', '3(2-2-5)', '43', '1', '2024-03-17 16:44:06', '0000-00-00 00:00:00'),
(270, 'SCS0104', 'วิศวกรรมอิเล็กทรอนิกส์', 'วิศวกรรมอิเล็กทรอนิกส์', '3(2-2-5)', '43', '1', '2024-03-17 16:44:06', '0000-00-00 00:00:00'),
(271, 'SCS0104', 'การติดตั้งระบบไฟฟ้าภายในและภายนอกอาคาร', 'การติดตั้งระบบไฟฟ้าภายในและภายนอกอาคาร', '3(2-2-5)', '43', '1', '2024-03-17 16:44:06', '0000-00-00 00:00:00'),
(272, 'SCS0104', 'การวัดและเครื่องมือวัดทางไฟฟ้า', 'การวัดและเครื่องมือวัดทางไฟฟ้า', '3(2-2-5)', '43', '1', '2024-03-17 16:44:06', '0000-00-00 00:00:00'),
(273, 'SCS0104', 'การเขียนโปรแกรมคอมพิวเตอร์เบื้องต้นในงานอุตสาหกรรม', 'การเขียนโปรแกรมคอมพิวเตอร์เบื้องต้นในงานอุตสาหกรรม', '3(2-2-5)', '43', '1', '2024-03-17 16:44:06', '0000-00-00 00:00:00'),
(274, 'SCS0104', 'ปฏิบัติการวงจรไฟฟ้า', 'ปฏิบัติการวงจรไฟฟ้า', '3(2-2-5)', '43', '1', '2024-03-17 16:44:06', '0000-00-00 00:00:00'),
(275, 'SCS0104', 'คณิตศาสตร์วิศวกรรมไฟฟ้า', 'คณิตศาสตร์วิศวกรรมไฟฟ้า', '3(2-2-5)', '43', '1', '2024-03-17 16:44:06', '0000-00-00 00:00:00'),
(276, 'SCS0104', 'วิศวกรรมอิเล็กทรอนิกส์', 'วิศวกรรมอิเล็กทรอนิกส์', '3(2-2-5)', '43', '1', '2024-03-17 16:44:06', '0000-00-00 00:00:00'),
(277, 'SCS0104', 'การติดตั้งระบบไฟฟ้าภายในและภายนอกอาคาร', 'การติดตั้งระบบไฟฟ้าภายในและภายนอกอาคาร', '3(2-2-5)', '43', '1', '2024-03-17 16:44:06', '0000-00-00 00:00:00'),
(278, 'SCS0104', 'การวัดและเครื่องมือวัดทางไฟฟ้า', 'การวัดและเครื่องมือวัดทางไฟฟ้า', '3(2-2-5)', '43', '1', '2024-03-17 16:44:06', '0000-00-00 00:00:00'),
(279, 'SCS0104', 'การเขียนโปรแกรมคอมพิวเตอร์เบื้องต้นในงานอุตสาหกรรม', 'การเขียนโปรแกรมคอมพิวเตอร์เบื้องต้นในงานอุตสาหกรรม', '3(2-2-5)', '43', '1', '2024-03-17 16:44:06', '0000-00-00 00:00:00'),
(280, 'SCS0104', 'ปฏิบัติการวงจรไฟฟ้า', 'ปฏิบัติการวงจรไฟฟ้า', '3(2-2-5)', '43', '1', '2024-03-17 16:44:06', '0000-00-00 00:00:00'),
(281, 'SCS0104', 'ปฏิบัติการวงจรไฟฟ้า', 'ปฏิบัติการวงจรไฟฟ้า', '3(2-2-5)', '43', '1', '2024-03-17 16:44:06', '0000-00-00 00:00:00'),
(282, 'SCS0104', 'คณิตศาสตร์วิศวกรรมไฟฟ้า', 'คณิตศาสตร์วิศวกรรมไฟฟ้า', '3(2-2-5)', '43', '1', '2024-03-17 16:44:06', '0000-00-00 00:00:00'),
(283, 'SCS0104', 'วิศวกรรมอิเล็กทรอนิกส์', 'วิศวกรรมอิเล็กทรอนิกส์', '3(2-2-5)', '43', '1', '2024-03-17 16:44:06', '0000-00-00 00:00:00'),
(284, 'SCS0104', 'การติดตั้งระบบไฟฟ้าภายในและภายนอกอาคาร', 'การติดตั้งระบบไฟฟ้าภายในและภายนอกอาคาร', '3(2-2-5)', '43', '1', '2024-03-17 16:44:06', '0000-00-00 00:00:00'),
(285, 'SCS0104', 'การวัดและเครื่องมือวัดทางไฟฟ้า', 'การวัดและเครื่องมือวัดทางไฟฟ้า', '3(2-2-5)', '43', '1', '2024-03-17 16:44:06', '0000-00-00 00:00:00'),
(286, 'SCS0104', 'การเขียนโปรแกรมคอมพิวเตอร์เบื้องต้นในงานอุตสาหกรรม', 'การเขียนโปรแกรมคอมพิวเตอร์เบื้องต้นในงานอุตสาหกรรม', '3(2-2-5)', '43', '1', '2024-03-17 16:44:06', '0000-00-00 00:00:00'),
(287, 'SCS0104', 'ปฏิบัติการวงจรไฟฟ้า', 'ปฏิบัติการวงจรไฟฟ้า', '3(2-2-5)', '43', '1', '2024-03-17 16:44:06', '0000-00-00 00:00:00'),
(288, 'SCS0104', 'การเขียนแบบไฟฟ้า', 'การเขียนแบบไฟฟ้า', '3(2-2-5)', '40', '1', '2024-03-17 16:44:06', '0000-00-00 00:00:00'),
(289, 'SCS0104', 'คณิตศาสตร์วิศวกรรมไฟฟ้า', 'คณิตศาสตร์วิศวกรรมไฟฟ้า', '3(2-2-5)', '40', '1', '2024-03-17 16:44:06', '0000-00-00 00:00:00'),
(290, 'SCS0104', 'วิศวกรรมอิเล็กทรอนิกส์', 'วิศวกรรมอิเล็กทรอนิกส์', '3(2-2-5)', '40', '1', '2024-03-17 16:44:06', '0000-00-00 00:00:00'),
(291, 'SCS0104', 'การติดตั้งระบบไฟฟ้าภายในและภายนอกอาคาร', 'การติดตั้งระบบไฟฟ้าภายในและภายนอกอาคาร', '3(2-2-5)', '40', '1', '2024-03-17 16:44:06', '0000-00-00 00:00:00'),
(292, 'SCS0104', 'การวัดและเครื่องมือวัดทางไฟฟ้า', 'การวัดและเครื่องมือวัดทางไฟฟ้า', '3(2-2-5)', '40', '1', '2024-03-17 16:44:06', '0000-00-00 00:00:00'),
(293, 'SCS0104', 'การเขียนโปรแกรมคอมพิวเตอร์เบื้องต้นในงานอุตสาหกรรม', 'การเขียนโปรแกรมคอมพิวเตอร์เบื้องต้นในงานอุตสาหกรรม', '3(2-2-5)', '40', '1', '2024-03-17 16:44:06', '0000-00-00 00:00:00'),
(294, 'SCS0104', 'ปฏิบัติการวงจรไฟฟ้า', 'ปฏิบัติการวงจรไฟฟ้า', '3(2-2-5)', '40', '1', '2024-03-17 16:44:06', '0000-00-00 00:00:00'),
(295, 'SCS0104', 'การเขียนแบบไฟฟ้า', 'การเขียนแบบไฟฟ้า', '3(2-2-5)', '40', '1', '2024-03-17 16:44:06', '0000-00-00 00:00:00'),
(296, 'SCS0104', 'คณิตศาสตร์วิศวกรรมไฟฟ้า', 'คณิตศาสตร์วิศวกรรมไฟฟ้า', '3(2-2-5)', '40', '1', '2024-03-17 16:44:06', '0000-00-00 00:00:00'),
(297, 'SCS0104', 'วิศวกรรมอิเล็กทรอนิกส์', 'วิศวกรรมอิเล็กทรอนิกส์', '3(2-2-5)', '40', '1', '2024-03-17 16:44:06', '0000-00-00 00:00:00'),
(298, 'SCS0104', 'การติดตั้งระบบไฟฟ้าภายในและภายนอกอาคาร', 'การติดตั้งระบบไฟฟ้าภายในและภายนอกอาคาร', '3(2-2-5)', '40', '1', '2024-03-17 16:44:06', '0000-00-00 00:00:00'),
(299, 'SCS0104', 'การวัดและเครื่องมือวัดทางไฟฟ้า', 'การวัดและเครื่องมือวัดทางไฟฟ้า', '3(2-2-5)', '40', '1', '2024-03-17 16:44:06', '0000-00-00 00:00:00'),
(300, 'SCS0104', 'การเขียนโปรแกรมคอมพิวเตอร์เบื้องต้นในงานอุตสาหกรรม', 'การเขียนโปรแกรมคอมพิวเตอร์เบื้องต้นในงานอุตสาหกรรม', '3(2-2-5)', '40', '1', '2024-03-17 16:44:06', '0000-00-00 00:00:00'),
(301, 'SCS0104', 'ปฏิบัติการวงจรไฟฟ้า', 'ปฏิบัติการวงจรไฟฟ้า', '3(2-2-5)', '40', '1', '2024-03-17 16:44:06', '0000-00-00 00:00:00'),
(302, 'SCS0104', 'คณิตศาสตร์วิศวกรรมไฟฟ้า', 'คณิตศาสตร์วิศวกรรมไฟฟ้า', '3(2-2-5)', '40', '1', '2024-03-17 16:44:06', '0000-00-00 00:00:00'),
(303, 'SCS0104', 'วิศวกรรมอิเล็กทรอนิกส์', 'วิศวกรรมอิเล็กทรอนิกส์', '3(2-2-5)', '40', '1', '2024-03-17 16:44:06', '0000-00-00 00:00:00'),
(304, 'SCS0104', 'การติดตั้งระบบไฟฟ้าภายในและภายนอกอาคาร', 'การติดตั้งระบบไฟฟ้าภายในและภายนอกอาคาร', '3(2-2-5)', '40', '1', '2024-03-17 16:44:06', '0000-00-00 00:00:00'),
(305, 'SCS0104', 'การวัดและเครื่องมือวัดทางไฟฟ้า', 'การวัดและเครื่องมือวัดทางไฟฟ้า', '3(2-2-5)', '40', '1', '2024-03-17 16:44:06', '0000-00-00 00:00:00'),
(306, 'SCS0104', 'การเขียนโปรแกรมคอมพิวเตอร์เบื้องต้นในงานอุตสาหกรรม', 'การเขียนโปรแกรมคอมพิวเตอร์เบื้องต้นในงานอุตสาหกรรม', '3(2-2-5)', '40', '1', '2024-03-17 16:44:06', '0000-00-00 00:00:00'),
(307, 'SCS0104', 'ปฏิบัติการวงจรไฟฟ้า', 'ปฏิบัติการวงจรไฟฟ้า', '3(2-2-5)', '40', '1', '2024-03-17 16:44:06', '0000-00-00 00:00:00'),
(308, 'SCS0104', 'ปฏิบัติการวงจรไฟฟ้า', 'ปฏิบัติการวงจรไฟฟ้า', '3(2-2-5)', '40', '1', '2024-03-17 16:44:06', '0000-00-00 00:00:00'),
(309, 'SCS0104', 'คณิตศาสตร์วิศวกรรมไฟฟ้า', 'คณิตศาสตร์วิศวกรรมไฟฟ้า', '3(2-2-5)', '40', '1', '2024-03-17 16:44:06', '0000-00-00 00:00:00'),
(310, 'SCS0104', 'วิศวกรรมอิเล็กทรอนิกส์', 'วิศวกรรมอิเล็กทรอนิกส์', '3(2-2-5)', '40', '1', '2024-03-17 16:44:06', '0000-00-00 00:00:00'),
(311, 'SCS0104', 'การติดตั้งระบบไฟฟ้าภายในและภายนอกอาคาร', 'การติดตั้งระบบไฟฟ้าภายในและภายนอกอาคาร', '3(2-2-5)', '40', '1', '2024-03-17 16:44:06', '0000-00-00 00:00:00'),
(312, 'SCS0104', 'การวัดและเครื่องมือวัดทางไฟฟ้า', 'การวัดและเครื่องมือวัดทางไฟฟ้า', '3(2-2-5)', '40', '1', '2024-03-17 16:44:06', '0000-00-00 00:00:00'),
(313, 'SCS0104', 'การเขียนโปรแกรมคอมพิวเตอร์เบื้องต้นในงานอุตสาหกรรม', 'การเขียนโปรแกรมคอมพิวเตอร์เบื้องต้นในงานอุตสาหกรรม', '3(2-2-5)', '40', '1', '2024-03-17 16:44:06', '0000-00-00 00:00:00'),
(314, 'SCS0104', 'ปฏิบัติการวงจรไฟฟ้า', 'ปฏิบัติการวงจรไฟฟ้า', '3(2-2-5)', '40', '1', '2024-03-17 16:44:06', '0000-00-00 00:00:00'),
(315, 'SCS0104', 'การเขียนแบบไฟฟ้า', 'การเขียนแบบไฟฟ้า', '3(2-2-5)', '36', '1', '2024-03-17 16:44:06', '0000-00-00 00:00:00'),
(316, 'SCS0104', 'คณิตศาสตร์วิศวกรรมไฟฟ้า', 'คณิตศาสตร์วิศวกรรมไฟฟ้า', '3(2-2-5)', '36', '1', '2024-03-17 16:44:06', '0000-00-00 00:00:00'),
(317, 'SCS0104', 'วิศวกรรมอิเล็กทรอนิกส์', 'วิศวกรรมอิเล็กทรอนิกส์', '3(2-2-5)', '36', '1', '2024-03-17 16:44:06', '0000-00-00 00:00:00'),
(318, 'SCS0104', 'การติดตั้งระบบไฟฟ้าภายในและภายนอกอาคาร', 'การติดตั้งระบบไฟฟ้าภายในและภายนอกอาคาร', '3(2-2-5)', '36', '1', '2024-03-17 16:44:06', '0000-00-00 00:00:00'),
(319, 'SCS0104', 'การวัดและเครื่องมือวัดทางไฟฟ้า', 'การวัดและเครื่องมือวัดทางไฟฟ้า', '3(2-2-5)', '36', '1', '2024-03-17 16:44:06', '0000-00-00 00:00:00'),
(320, 'SCS0104', 'การเขียนโปรแกรมคอมพิวเตอร์เบื้องต้นในงานอุตสาหกรรม', 'การเขียนโปรแกรมคอมพิวเตอร์เบื้องต้นในงานอุตสาหกรรม', '3(2-2-5)', '36', '1', '2024-03-17 16:44:06', '0000-00-00 00:00:00'),
(321, 'SCS0104', 'ปฏิบัติการวงจรไฟฟ้า', 'ปฏิบัติการวงจรไฟฟ้า', '3(2-2-5)', '36', '1', '2024-03-17 16:44:06', '0000-00-00 00:00:00'),
(322, 'SCS0104', 'การเขียนแบบไฟฟ้า', 'การเขียนแบบไฟฟ้า', '3(2-2-5)', '36', '1', '2024-03-17 16:44:06', '0000-00-00 00:00:00'),
(323, 'SCS0104', 'คณิตศาสตร์วิศวกรรมไฟฟ้า', 'คณิตศาสตร์วิศวกรรมไฟฟ้า', '3(2-2-5)', '36', '1', '2024-03-17 16:44:06', '0000-00-00 00:00:00'),
(324, 'SCS0104', 'วิศวกรรมอิเล็กทรอนิกส์', 'วิศวกรรมอิเล็กทรอนิกส์', '3(2-2-5)', '36', '1', '2024-03-17 16:44:06', '0000-00-00 00:00:00'),
(325, 'SCS0104', 'การติดตั้งระบบไฟฟ้าภายในและภายนอกอาคาร', 'การติดตั้งระบบไฟฟ้าภายในและภายนอกอาคาร', '3(2-2-5)', '36', '1', '2024-03-17 16:44:06', '0000-00-00 00:00:00'),
(326, 'SCS0104', 'การวัดและเครื่องมือวัดทางไฟฟ้า', 'การวัดและเครื่องมือวัดทางไฟฟ้า', '3(2-2-5)', '36', '1', '2024-03-17 16:44:06', '0000-00-00 00:00:00'),
(327, 'SCS0104', 'การเขียนโปรแกรมคอมพิวเตอร์เบื้องต้นในงานอุตสาหกรรม', 'การเขียนโปรแกรมคอมพิวเตอร์เบื้องต้นในงานอุตสาหกรรม', '3(2-2-5)', '36', '1', '2024-03-17 16:44:06', '0000-00-00 00:00:00'),
(328, 'SCS0104', 'ปฏิบัติการวงจรไฟฟ้า', 'ปฏิบัติการวงจรไฟฟ้า', '3(2-2-5)', '36', '1', '2024-03-17 16:44:06', '0000-00-00 00:00:00'),
(329, 'SCS0104', 'คณิตศาสตร์วิศวกรรมไฟฟ้า', 'คณิตศาสตร์วิศวกรรมไฟฟ้า', '3(2-2-5)', '36', '1', '2024-03-17 16:44:06', '0000-00-00 00:00:00'),
(330, 'SCS0104', 'วิศวกรรมอิเล็กทรอนิกส์', 'วิศวกรรมอิเล็กทรอนิกส์', '3(2-2-5)', '36', '1', '2024-03-17 16:44:06', '0000-00-00 00:00:00'),
(331, 'SCS0104', 'การติดตั้งระบบไฟฟ้าภายในและภายนอกอาคาร', 'การติดตั้งระบบไฟฟ้าภายในและภายนอกอาคาร', '3(2-2-5)', '36', '1', '2024-03-17 16:44:06', '0000-00-00 00:00:00'),
(332, 'SCS0104', 'การวัดและเครื่องมือวัดทางไฟฟ้า', 'การวัดและเครื่องมือวัดทางไฟฟ้า', '3(2-2-5)', '36', '1', '2024-03-17 16:44:06', '0000-00-00 00:00:00'),
(333, 'SCS0104', 'การเขียนโปรแกรมคอมพิวเตอร์เบื้องต้นในงานอุตสาหกรรม', 'การเขียนโปรแกรมคอมพิวเตอร์เบื้องต้นในงานอุตสาหกรรม', '3(2-2-5)', '36', '1', '2024-03-17 16:44:06', '0000-00-00 00:00:00');
INSERT INTO `subjects` (`s_id`, `s_num`, `s_name`, `s_name2`, `s_credit`, `c_id`, `doc_type`, `created_at`, `updated_at`) VALUES
(334, 'SCS0104', 'ปฏิบัติการวงจรไฟฟ้า', 'ปฏิบัติการวงจรไฟฟ้า', '3(2-2-5)', '36', '1', '2024-03-17 16:44:06', '0000-00-00 00:00:00'),
(335, 'SCS0104', 'ปฏิบัติการวงจรไฟฟ้า', 'ปฏิบัติการวงจรไฟฟ้า', '3(2-2-5)', '36', '1', '2024-03-17 16:44:06', '0000-00-00 00:00:00'),
(336, 'SCS0104', 'คณิตศาสตร์วิศวกรรมไฟฟ้า', 'คณิตศาสตร์วิศวกรรมไฟฟ้า', '3(2-2-5)', '36', '1', '2024-03-17 16:44:06', '0000-00-00 00:00:00'),
(337, 'SCS0104', 'วิศวกรรมอิเล็กทรอนิกส์', 'วิศวกรรมอิเล็กทรอนิกส์', '3(2-2-5)', '36', '1', '2024-03-17 16:44:06', '0000-00-00 00:00:00'),
(338, 'SCS0104', 'การติดตั้งระบบไฟฟ้าภายในและภายนอกอาคาร', 'การติดตั้งระบบไฟฟ้าภายในและภายนอกอาคาร', '3(2-2-5)', '36', '1', '2024-03-17 16:44:06', '0000-00-00 00:00:00'),
(339, 'SCS0104', 'การวัดและเครื่องมือวัดทางไฟฟ้า', 'การวัดและเครื่องมือวัดทางไฟฟ้า', '3(2-2-5)', '36', '1', '2024-03-17 16:44:06', '0000-00-00 00:00:00'),
(340, 'SCS0104', 'การเขียนโปรแกรมคอมพิวเตอร์เบื้องต้นในงานอุตสาหกรรม', 'การเขียนโปรแกรมคอมพิวเตอร์เบื้องต้นในงานอุตสาหกรรม', '3(2-2-5)', '36', '1', '2024-03-17 16:44:06', '0000-00-00 00:00:00'),
(341, 'SCS0104', 'ปฏิบัติการวงจรไฟฟ้า', 'ปฏิบัติการวงจรไฟฟ้า', '3(2-2-5)', '36', '1', '2024-03-17 16:44:06', '0000-00-00 00:00:00');

-- --------------------------------------------------------

--
-- Table structure for table `subject_descriptions`
--

CREATE TABLE `subject_descriptions` (
  `sd_id` bigint(20) UNSIGNED NOT NULL,
  `sd_title` varchar(255) NOT NULL,
  `sd_title_eng` varchar(255) NOT NULL,
  `ts_id` varchar(255) NOT NULL,
  `created_at` timestamp NULL DEFAULT NULL,
  `updated_at` timestamp NULL DEFAULT NULL
) ENGINE=InnoDB DEFAULT CHARSET=utf8mb4 COLLATE=utf8mb4_unicode_ci;

--
-- Dumping data for table `subject_descriptions`
--

INSERT INTO `subject_descriptions` (`sd_id`, `sd_title`, `sd_title_eng`, `ts_id`, `created_at`, `updated_at`) VALUES
(1, 'การใช้โปรแกรมสําเร็จรูปทางสถิติและวิจัยสําหรับการวิเคราะห์และอธิบายผลทางสถิติเกี่ยวกับสถิติเชิงพรรณนาการหาความเชื่อมั่นของเครื่องมือวิจัย การทดสอบสมมติฐาน การประมาณค่า การวิเคราะห์ความแปรปรวน การวิเคราะห์การถดถอยและสหสัมพันธ์', 'The use of statistical packages and research for analyze and describe the descriptive statistic results, reliability testing of research tools, hypothesis testing, estimation, variance analysis, regression analysis and correlation', '53', '2024-04-01 09:23:43', '2024-04-01 09:23:43'),
(2, 'การใช้โปรแกรมสําเร็จรูปทางสถิติและวิจัยสําหรับการวิเคราะห์และอธิบายผลทางสถิติเกี่ยวกับสถิติเชิงพรรณนาการหาความเชื่อมั่นของเครื่องมือวิจัย การทดสอบสมมติฐาน การประมาณค่า การวิเคราะห์ความแปรปรวน การวิเคราะห์การถดถอยและสหสัมพันธ์', 'The use of statistical packages and research for analyze and describe the descriptive statistic results, reliability testing of research tools, hypothesis testing, estimation, variance analysis, regression analysis and correlation', '248', '2024-04-01 02:23:43', '2024-04-01 02:23:43');

-- --------------------------------------------------------

--
-- Table structure for table `teachings`
--

CREATE TABLE `teachings` (
  `tc_id` bigint(20) UNSIGNED NOT NULL,
  `id` varchar(255) NOT NULL,
  `s_id` varchar(255) NOT NULL,
  `created_at` timestamp NULL DEFAULT NULL,
  `updated_at` timestamp NULL DEFAULT NULL
) ENGINE=InnoDB DEFAULT CHARSET=utf8mb4 COLLATE=utf8mb4_unicode_ci;

-- --------------------------------------------------------

--
-- Table structure for table `terms`
--

CREATE TABLE `terms` (
  `t_id` bigint(20) UNSIGNED NOT NULL,
  `t_name` varchar(255) NOT NULL,
  `t_year` varchar(255) NOT NULL,
  `created_at` timestamp NULL DEFAULT NULL,
  `updated_at` timestamp NULL DEFAULT NULL
) ENGINE=InnoDB DEFAULT CHARSET=utf8mb4 COLLATE=utf8mb4_unicode_ci;

--
-- Dumping data for table `terms`
--

INSERT INTO `terms` (`t_id`, `t_name`, `t_year`, `created_at`, `updated_at`) VALUES
(3, '1', '2566', '2024-04-03 06:48:36', '2024-04-03 06:48:36'),
(4, '2', '2566', '2024-04-03 06:48:42', '2024-04-03 06:48:42');

-- --------------------------------------------------------

--
-- Table structure for table `terms_courses`
--

CREATE TABLE `terms_courses` (
  `tco_id` bigint(20) UNSIGNED NOT NULL,
  `t_id` varchar(255) NOT NULL,
  `p_id` varchar(255) NOT NULL,
  `c_id` varchar(255) NOT NULL,
  `created_at` timestamp NULL DEFAULT NULL,
  `updated_at` timestamp NULL DEFAULT NULL
) ENGINE=InnoDB DEFAULT CHARSET=utf8mb4 COLLATE=utf8mb4_unicode_ci;

--
-- Dumping data for table `terms_courses`
--

INSERT INTO `terms_courses` (`tco_id`, `t_id`, `p_id`, `c_id`, `created_at`, `updated_at`) VALUES
(17, '3', '1', '1', '2024-04-03 06:48:36', '2024-04-03 06:48:36'),
(18, '3', '2', '4', '2024-04-03 06:48:36', '2024-04-03 06:48:36'),
(19, '3', '4', '8', '2024-04-03 06:48:36', '2024-04-03 06:48:36'),
(20, '3', '6', '9', '2024-04-03 06:48:36', '2024-04-03 06:48:36'),
(21, '3', '7', '12', '2024-04-03 06:48:36', '2024-04-03 06:48:36'),
(22, '3', '8', '16', '2024-04-03 06:48:36', '2024-04-03 06:48:36'),
(23, '3', '10', '19', '2024-04-03 06:48:36', '2024-04-03 06:48:36'),
(24, '3', '12', '22', '2024-04-03 06:48:36', '2024-04-03 06:48:36'),
(25, '3', '13', '28', '2024-04-03 06:48:36', '2024-04-03 06:48:36'),
(26, '3', '14', '31', '2024-04-03 06:48:36', '2024-04-03 06:48:36'),
(27, '3', '15', '53', '2024-04-03 06:48:36', '2024-04-03 06:48:36'),
(28, '3', '16', '35', '2024-04-03 06:48:36', '2024-04-03 06:48:36'),
(29, '3', '17', '50', '2024-04-03 06:48:36', '2024-04-03 06:48:36'),
(30, '3', '18', '48', '2024-04-03 06:48:36', '2024-04-03 06:48:36'),
(31, '3', '19', '43', '2024-04-03 06:48:36', '2024-04-03 06:48:36'),
(32, '3', '20', '40', '2024-04-03 06:48:36', '2024-04-03 06:48:36'),
(33, '3', '21', '36', '2024-04-03 06:48:36', '2024-04-03 06:48:36'),
(34, '4', '1', '1', '2024-04-03 06:48:42', '2024-04-03 06:48:42'),
(35, '4', '2', '4', '2024-04-03 06:48:42', '2024-04-03 06:48:42'),
(36, '4', '4', '8', '2024-04-03 06:48:42', '2024-04-03 06:48:42'),
(37, '4', '6', '9', '2024-04-03 06:48:42', '2024-04-03 06:48:42'),
(38, '4', '7', '12', '2024-04-03 06:48:42', '2024-04-03 06:48:42'),
(39, '4', '8', '16', '2024-04-03 06:48:42', '2024-04-03 06:48:42'),
(40, '4', '10', '19', '2024-04-03 06:48:42', '2024-04-03 06:48:42'),
(41, '4', '12', '22', '2024-04-03 06:48:42', '2024-04-03 06:48:42'),
(42, '4', '13', '28', '2024-04-03 06:48:42', '2024-04-03 06:48:42'),
(43, '4', '14', '31', '2024-04-03 06:48:42', '2024-04-03 06:48:42'),
(44, '4', '15', '53', '2024-04-03 06:48:42', '2024-04-03 06:48:42'),
(45, '4', '16', '35', '2024-04-03 06:48:42', '2024-04-03 06:48:42'),
(46, '4', '17', '50', '2024-04-03 06:48:42', '2024-04-03 06:48:42'),
(47, '4', '18', '48', '2024-04-03 06:48:42', '2024-04-03 06:48:42'),
(48, '4', '19', '43', '2024-04-03 06:48:42', '2024-04-03 06:48:42'),
(49, '4', '20', '40', '2024-04-03 06:48:42', '2024-04-03 06:48:42'),
(50, '4', '21', '36', '2024-04-03 06:48:42', '2024-04-03 06:48:42');

-- --------------------------------------------------------

--
-- Table structure for table `terms_subs`
--

CREATE TABLE `terms_subs` (
  `ts_id` bigint(20) UNSIGNED NOT NULL,
  `t_id` varchar(255) NOT NULL,
  `s_id` varchar(255) NOT NULL,
  `created_at` timestamp NULL DEFAULT NULL,
  `updated_at` timestamp NULL DEFAULT NULL
) ENGINE=InnoDB DEFAULT CHARSET=utf8mb4 COLLATE=utf8mb4_unicode_ci;

--
-- Dumping data for table `terms_subs`
--

INSERT INTO `terms_subs` (`ts_id`, `t_id`, `s_id`, `created_at`, `updated_at`) VALUES
(48, '4', '2', '2024-03-31 23:38:56', '2024-03-31 23:38:56'),
(49, '4', '1', '2024-03-31 23:38:56', '2024-03-31 23:38:56'),
(53, '3', '3', '2024-03-31 23:39:13', '2024-03-31 23:39:13'),
(54, '3', '2', '2024-03-31 23:39:13', '2024-03-31 23:39:13'),
(55, '3', '1', '2024-03-31 23:39:13', '2024-03-31 23:39:13'),
(56, '3', '4', '2024-03-31 23:39:13', '2024-03-31 23:39:13'),
(60, '3', '8', '2024-03-31 23:56:56', '2024-03-31 23:56:56'),
(61, '3', '9', '2024-03-31 23:56:56', '2024-03-31 23:56:56'),
(62, '3', '10', '2024-03-31 23:56:56', '2024-03-31 23:56:56'),
(63, '3', '11', '2024-03-31 23:57:07', '2024-03-31 23:57:07'),
(64, '3', '12', '2024-03-31 23:57:07', '2024-03-31 23:57:07'),
(65, '3', '15', '2024-04-01 08:53:58', '2024-04-01 08:53:58'),
(66, '3', '19', '2024-04-03 05:05:39', '2024-04-03 05:05:39'),
(67, '3', '20', '2024-04-03 05:05:39', '2024-04-03 05:05:39'),
(68, '3', '21', '2024-04-03 05:05:39', '2024-04-03 05:05:39'),
(69, '3', '22', '2024-04-03 05:05:39', '2024-04-03 05:05:39'),
(70, '4', '16', '2024-04-03 06:39:42', '2024-04-03 06:39:42'),
(71, '4', '17', '2024-04-03 06:39:42', '2024-04-03 06:39:42'),
(72, '4', '18', '2024-04-03 06:39:42', '2024-04-03 06:39:42'),
(73, '4', '19', '2024-04-03 06:39:42', '2024-04-03 06:39:42'),
(74, '4', '22', '2024-04-03 06:39:42', '2024-04-03 06:39:42'),
(75, '4', '21', '2024-04-03 06:39:42', '2024-04-03 06:39:42'),
(76, '4', '20', '2024-04-03 06:39:42', '2024-04-03 06:39:42'),
(77, '4', '13', '2024-04-03 06:42:15', '2024-04-03 06:42:15'),
(78, '4', '12', '2024-04-03 06:42:15', '2024-04-03 06:42:15'),
(79, '4', '11', '2024-04-03 06:42:15', '2024-04-03 06:42:15'),
(80, '4', '10', '2024-04-03 06:42:15', '2024-04-03 06:42:15'),
(81, '4', '9', '2024-04-03 06:42:15', '2024-04-03 06:42:15'),
(82, '4', '15', '2024-04-03 06:42:15', '2024-04-03 06:42:15'),
(83, '4', '14', '2024-04-03 06:42:15', '2024-04-03 06:42:15'),
(84, '3', '23', '2024-04-03 06:56:58', '2024-04-03 06:56:58'),
(85, '3', '24', '2024-04-03 06:56:58', '2024-04-03 06:56:58'),
(86, '3', '25', '2024-04-03 06:56:58', '2024-04-03 06:56:58'),
(87, '3', '26', '2024-04-03 06:56:58', '2024-04-03 06:56:58'),
(88, '3', '27', '2024-04-03 06:56:58', '2024-04-03 06:56:58'),
(89, '3', '28', '2024-04-03 06:56:58', '2024-04-03 06:56:58'),
(90, '3', '29', '2024-04-03 06:56:58', '2024-04-03 06:56:58'),
(91, '3', '31', '2024-04-03 06:56:58', '2024-04-03 06:56:58'),
(92, '3', '30', '2024-04-03 06:56:58', '2024-04-03 06:56:58'),
(93, '3', '32', '2024-04-03 06:56:58', '2024-04-03 06:56:58'),
(94, '4', '23', '2024-04-03 06:58:20', '2024-04-03 06:58:20'),
(95, '4', '24', '2024-04-03 06:58:20', '2024-04-03 06:58:20'),
(96, '4', '25', '2024-04-03 06:58:20', '2024-04-03 06:58:20'),
(97, '4', '26', '2024-04-03 06:58:20', '2024-04-03 06:58:20'),
(98, '4', '27', '2024-04-03 06:58:20', '2024-04-03 06:58:20'),
(99, '4', '28', '2024-04-03 06:58:20', '2024-04-03 06:58:20'),
(100, '4', '29', '2024-04-03 06:58:20', '2024-04-03 06:58:20'),
(101, '4', '30', '2024-04-03 06:58:20', '2024-04-03 06:58:20'),
(102, '4', '31', '2024-04-03 06:58:20', '2024-04-03 06:58:20'),
(103, '4', '32', '2024-04-03 06:58:20', '2024-04-03 06:58:20'),
(104, '3', '33', '2024-04-03 07:00:24', '2024-04-03 07:00:24'),
(105, '3', '34', '2024-04-03 07:00:24', '2024-04-03 07:00:24'),
(106, '3', '35', '2024-04-03 07:00:24', '2024-04-03 07:00:24'),
(107, '3', '36', '2024-04-03 07:00:24', '2024-04-03 07:00:24'),
(108, '3', '37', '2024-04-03 07:00:24', '2024-04-03 07:00:24'),
(109, '3', '38', '2024-04-03 07:00:24', '2024-04-03 07:00:24'),
(110, '3', '39', '2024-04-03 07:00:24', '2024-04-03 07:00:24'),
(111, '3', '40', '2024-04-03 07:00:24', '2024-04-03 07:00:24'),
(112, '3', '41', '2024-04-03 07:00:24', '2024-04-03 07:00:24'),
(113, '4', '33', '2024-04-03 07:01:55', '2024-04-03 07:01:55'),
(114, '4', '34', '2024-04-03 07:01:55', '2024-04-03 07:01:55'),
(115, '4', '35', '2024-04-03 07:01:55', '2024-04-03 07:01:55'),
(116, '4', '36', '2024-04-03 07:01:55', '2024-04-03 07:01:55'),
(117, '4', '37', '2024-04-03 07:01:55', '2024-04-03 07:01:55'),
(118, '4', '38', '2024-04-03 07:01:55', '2024-04-03 07:01:55'),
(119, '4', '39', '2024-04-03 07:01:55', '2024-04-03 07:01:55'),
(120, '3', '42', '2024-04-03 07:03:06', '2024-04-03 07:03:06'),
(121, '3', '43', '2024-04-03 07:03:06', '2024-04-03 07:03:06'),
(122, '3', '44', '2024-04-03 07:03:06', '2024-04-03 07:03:06'),
(123, '3', '45', '2024-04-03 07:03:06', '2024-04-03 07:03:06'),
(124, '3', '46', '2024-04-03 07:03:06', '2024-04-03 07:03:06'),
(125, '3', '47', '2024-04-03 07:03:06', '2024-04-03 07:03:06'),
(126, '3', '48', '2024-04-03 07:03:06', '2024-04-03 07:03:06'),
(127, '3', '49', '2024-04-03 07:03:06', '2024-04-03 07:03:06'),
(128, '3', '50', '2024-04-03 07:03:06', '2024-04-03 07:03:06'),
(129, '3', '51', '2024-04-03 07:03:06', '2024-04-03 07:03:06'),
(130, '3', '52', '2024-04-03 07:03:06', '2024-04-03 07:03:06'),
(131, '3', '53', '2024-04-03 07:03:06', '2024-04-03 07:03:06'),
(132, '3', '54', '2024-04-03 07:03:06', '2024-04-03 07:03:06'),
(133, '3', '55', '2024-04-03 07:03:06', '2024-04-03 07:03:06'),
(134, '3', '56', '2024-04-03 07:03:06', '2024-04-03 07:03:06'),
(135, '3', '57', '2024-04-03 07:03:06', '2024-04-03 07:03:06'),
(136, '3', '58', '2024-04-03 07:03:06', '2024-04-03 07:03:06'),
(137, '3', '59', '2024-04-03 07:03:06', '2024-04-03 07:03:06'),
(138, '3', '60', '2024-04-03 07:03:06', '2024-04-03 07:03:06'),
(139, '3', '61', '2024-04-03 07:03:06', '2024-04-03 07:03:06'),
(140, '4', '42', '2024-04-03 07:04:45', '2024-04-03 07:04:45'),
(141, '4', '43', '2024-04-03 07:04:45', '2024-04-03 07:04:45'),
(142, '4', '44', '2024-04-03 07:04:45', '2024-04-03 07:04:45'),
(143, '4', '45', '2024-04-03 07:04:45', '2024-04-03 07:04:45'),
(144, '4', '46', '2024-04-03 07:04:45', '2024-04-03 07:04:45'),
(145, '4', '47', '2024-04-03 07:04:45', '2024-04-03 07:04:45'),
(146, '4', '48', '2024-04-03 07:04:45', '2024-04-03 07:04:45'),
(147, '4', '49', '2024-04-03 07:04:45', '2024-04-03 07:04:45'),
(148, '4', '50', '2024-04-03 07:04:45', '2024-04-03 07:04:45'),
(149, '4', '51', '2024-04-03 07:04:45', '2024-04-03 07:04:45'),
(150, '4', '61', '2024-04-03 07:04:45', '2024-04-03 07:04:45'),
(151, '4', '60', '2024-04-03 07:04:45', '2024-04-03 07:04:45'),
(152, '4', '59', '2024-04-03 07:04:45', '2024-04-03 07:04:45'),
(153, '4', '58', '2024-04-03 07:04:45', '2024-04-03 07:04:45'),
(154, '4', '57', '2024-04-03 07:04:45', '2024-04-03 07:04:45'),
(155, '4', '56', '2024-04-03 07:04:45', '2024-04-03 07:04:45'),
(156, '4', '55', '2024-04-03 07:04:45', '2024-04-03 07:04:45'),
(157, '4', '54', '2024-04-03 07:04:45', '2024-04-03 07:04:45'),
(158, '4', '53', '2024-04-03 07:04:45', '2024-04-03 07:04:45'),
(159, '4', '52', '2024-04-03 07:04:45', '2024-04-03 07:04:45'),
(160, '4', '63', '2024-04-03 07:04:45', '2024-04-03 07:04:45'),
(161, '4', '62', '2024-04-03 07:04:45', '2024-04-03 07:04:45'),
(162, '3', '64', '2024-04-03 07:05:59', '2024-04-03 07:05:59'),
(163, '3', '65', '2024-04-03 07:05:59', '2024-04-03 07:05:59'),
(164, '3', '66', '2024-04-03 07:05:59', '2024-04-03 07:05:59'),
(165, '3', '67', '2024-04-03 07:05:59', '2024-04-03 07:05:59'),
(166, '3', '68', '2024-04-03 07:05:59', '2024-04-03 07:05:59'),
(167, '3', '69', '2024-04-03 07:05:59', '2024-04-03 07:05:59'),
(168, '3', '70', '2024-04-03 07:05:59', '2024-04-03 07:05:59'),
(169, '3', '71', '2024-04-03 07:05:59', '2024-04-03 07:05:59'),
(170, '3', '72', '2024-04-03 07:05:59', '2024-04-03 07:05:59'),
(171, '3', '73', '2024-04-03 07:05:59', '2024-04-03 07:05:59'),
(172, '3', '74', '2024-04-03 07:05:59', '2024-04-03 07:05:59'),
(173, '3', '75', '2024-04-03 07:05:59', '2024-04-03 07:05:59'),
(174, '3', '76', '2024-04-03 07:05:59', '2024-04-03 07:05:59'),
(175, '3', '77', '2024-04-03 07:05:59', '2024-04-03 07:05:59'),
(176, '4', '64', '2024-04-03 07:07:31', '2024-04-03 07:07:31'),
(177, '4', '65', '2024-04-03 07:07:31', '2024-04-03 07:07:31'),
(178, '4', '66', '2024-04-03 07:07:31', '2024-04-03 07:07:31'),
(179, '4', '67', '2024-04-03 07:07:31', '2024-04-03 07:07:31'),
(180, '4', '68', '2024-04-03 07:07:31', '2024-04-03 07:07:31'),
(181, '4', '69', '2024-04-03 07:07:31', '2024-04-03 07:07:31'),
(182, '4', '70', '2024-04-03 07:07:31', '2024-04-03 07:07:31'),
(183, '4', '71', '2024-04-03 07:07:31', '2024-04-03 07:07:31'),
(184, '4', '72', '2024-04-03 07:07:31', '2024-04-03 07:07:31'),
(185, '4', '73', '2024-04-03 07:07:31', '2024-04-03 07:07:31'),
(186, '4', '76', '2024-04-03 07:07:31', '2024-04-03 07:07:31'),
(187, '4', '77', '2024-04-03 07:07:31', '2024-04-03 07:07:31'),
(188, '3', '78', '2024-04-03 07:09:15', '2024-04-03 07:09:15'),
(189, '3', '79', '2024-04-03 07:09:15', '2024-04-03 07:09:15'),
(190, '3', '80', '2024-04-03 07:09:15', '2024-04-03 07:09:15'),
(191, '3', '81', '2024-04-03 07:09:15', '2024-04-03 07:09:15'),
(192, '3', '82', '2024-04-03 07:09:15', '2024-04-03 07:09:15'),
(193, '3', '83', '2024-04-03 07:09:15', '2024-04-03 07:09:15'),
(194, '3', '84', '2024-04-03 07:09:15', '2024-04-03 07:09:15'),
(195, '3', '85', '2024-04-03 07:09:15', '2024-04-03 07:09:15'),
(196, '3', '86', '2024-04-03 07:09:15', '2024-04-03 07:09:15'),
(197, '3', '87', '2024-04-03 07:09:15', '2024-04-03 07:09:15'),
(198, '3', '88', '2024-04-03 07:09:15', '2024-04-03 07:09:15'),
(199, '3', '89', '2024-04-03 07:09:15', '2024-04-03 07:09:15'),
(200, '3', '90', '2024-04-03 07:09:15', '2024-04-03 07:09:15'),
(201, '3', '91', '2024-04-03 07:09:15', '2024-04-03 07:09:15'),
(202, '3', '92', '2024-04-03 07:09:15', '2024-04-03 07:09:15'),
(203, '3', '93', '2024-04-03 07:09:15', '2024-04-03 07:09:15'),
(204, '3', '94', '2024-04-03 07:09:15', '2024-04-03 07:09:15'),
(205, '3', '95', '2024-04-03 07:09:15', '2024-04-03 07:09:15'),
(206, '3', '96', '2024-04-03 07:09:15', '2024-04-03 07:09:15'),
(207, '3', '97', '2024-04-03 07:09:15', '2024-04-03 07:09:15'),
(208, '4', '78', '2024-04-03 07:10:50', '2024-04-03 07:10:50'),
(209, '4', '79', '2024-04-03 07:10:50', '2024-04-03 07:10:50'),
(210, '4', '80', '2024-04-03 07:10:50', '2024-04-03 07:10:50'),
(211, '4', '81', '2024-04-03 07:10:50', '2024-04-03 07:10:50'),
(212, '4', '82', '2024-04-03 07:10:50', '2024-04-03 07:10:50'),
(213, '4', '83', '2024-04-03 07:10:50', '2024-04-03 07:10:50'),
(214, '4', '84', '2024-04-03 07:10:50', '2024-04-03 07:10:50'),
(215, '4', '85', '2024-04-03 07:10:50', '2024-04-03 07:10:50'),
(216, '4', '86', '2024-04-03 07:10:50', '2024-04-03 07:10:50'),
(217, '4', '87', '2024-04-03 07:10:50', '2024-04-03 07:10:50'),
(218, '4', '91', '2024-04-03 07:10:50', '2024-04-03 07:10:50'),
(219, '4', '92', '2024-04-03 07:10:50', '2024-04-03 07:10:50'),
(220, '4', '93', '2024-04-03 07:10:50', '2024-04-03 07:10:50'),
(221, '3', '98', '2024-04-03 07:12:42', '2024-04-03 07:12:42'),
(222, '3', '99', '2024-04-03 07:12:42', '2024-04-03 07:12:42'),
(223, '3', '100', '2024-04-03 07:12:42', '2024-04-03 07:12:42'),
(224, '3', '101', '2024-04-03 07:12:42', '2024-04-03 07:12:42'),
(225, '3', '102', '2024-04-03 07:12:42', '2024-04-03 07:12:42'),
(226, '3', '103', '2024-04-03 07:12:42', '2024-04-03 07:12:42'),
(227, '3', '104', '2024-04-03 07:12:42', '2024-04-03 07:12:42'),
(228, '3', '105', '2024-04-03 07:12:42', '2024-04-03 07:12:42'),
(229, '3', '106', '2024-04-03 07:12:42', '2024-04-03 07:12:42'),
(230, '3', '107', '2024-04-03 07:12:42', '2024-04-03 07:12:42'),
(231, '3', '111', '2024-04-03 07:12:42', '2024-04-03 07:12:42'),
(232, '3', '118', '2024-04-03 07:12:42', '2024-04-03 07:12:42'),
(233, '3', '117', '2024-04-03 07:12:42', '2024-04-03 07:12:42'),
(234, '3', '116', '2024-04-03 07:12:42', '2024-04-03 07:12:42'),
(235, '3', '115', '2024-04-03 07:12:42', '2024-04-03 07:12:42'),
(236, '3', '112', '2024-04-03 07:12:42', '2024-04-03 07:12:42'),
(237, '3', '113', '2024-04-03 07:12:42', '2024-04-03 07:12:42'),
(238, '3', '110', '2024-04-03 07:12:42', '2024-04-03 07:12:42'),
(239, '3', '109', '2024-04-03 07:12:42', '2024-04-03 07:12:42'),
(240, '3', '108', '2024-04-03 07:12:42', '2024-04-03 07:12:42'),
(241, '3', '125', '2024-04-03 07:12:42', '2024-04-03 07:12:42'),
(242, '3', '124', '2024-04-03 07:12:42', '2024-04-03 07:12:42'),
(243, '3', '123', '2024-04-03 07:12:42', '2024-04-03 07:12:42'),
(244, '3', '122', '2024-04-03 07:12:42', '2024-04-03 07:12:42'),
(245, '3', '121', '2024-04-03 07:12:42', '2024-04-03 07:12:42'),
(246, '3', '120', '2024-04-03 07:12:42', '2024-04-03 07:12:42'),
(247, '3', '119', '2024-04-03 07:12:42', '2024-04-03 07:12:42'),
(248, '3', '7', '2024-04-03 08:02:53', '2024-04-03 08:02:53');

-- --------------------------------------------------------

--
-- Table structure for table `terms_sub_teaches`
--

CREATE TABLE `terms_sub_teaches` (
  `tst_id` bigint(20) UNSIGNED NOT NULL,
  `id` varchar(255) NOT NULL,
  `ts_id` varchar(255) NOT NULL,
  `created_at` timestamp NULL DEFAULT NULL,
  `updated_at` timestamp NULL DEFAULT NULL
) ENGINE=InnoDB DEFAULT CHARSET=utf8mb4 COLLATE=utf8mb4_unicode_ci;

--
-- Dumping data for table `terms_sub_teaches`
--

INSERT INTO `terms_sub_teaches` (`tst_id`, `id`, `ts_id`, `created_at`, `updated_at`) VALUES
(33, '2', '22', '2024-03-31 12:35:55', '2024-03-31 12:35:55'),
(34, '4', '22', '2024-03-31 12:35:55', '2024-03-31 12:35:55'),
(35, '9', '22', '2024-03-31 12:35:55', '2024-03-31 12:35:55'),
(36, '4', '24', '2024-03-31 12:35:58', '2024-03-31 12:35:58'),
(37, '9', '24', '2024-03-31 12:35:58', '2024-03-31 12:35:58'),
(38, '23', '24', '2024-03-31 12:35:58', '2024-03-31 12:35:58'),
(39, '4', '27', '2024-03-31 12:36:07', '2024-03-31 12:36:07'),
(40, '9', '27', '2024-03-31 12:36:07', '2024-03-31 12:36:07'),
(41, '2', '31', '2024-03-31 12:36:11', '2024-03-31 12:36:11'),
(42, '2', '33', '2024-03-31 12:36:13', '2024-03-31 12:36:13'),
(43, '2', '34', '2024-03-31 12:36:16', '2024-03-31 12:36:16'),
(44, '5', '60', '2024-03-31 23:59:58', '2024-03-31 23:59:58'),
(45, '6', '60', '2024-03-31 23:59:58', '2024-03-31 23:59:58'),
(46, '2', '53', '2024-04-01 00:00:23', '2024-04-01 00:00:23'),
(47, '4', '53', '2024-04-01 00:00:23', '2024-04-01 00:00:23'),
(48, '9', '53', '2024-04-01 00:00:23', '2024-04-01 00:00:23'),
(49, '2', '54', '2024-04-01 04:24:06', '2024-04-01 04:24:06'),
(50, '2', '55', '2024-04-01 04:24:11', '2024-04-01 04:24:11'),
(52, '5', '61', '2024-04-01 08:53:42', '2024-04-01 08:53:42'),
(53, '5', '62', '2024-04-01 08:53:44', '2024-04-01 08:53:44'),
(54, '5', '63', '2024-04-01 08:53:49', '2024-04-01 08:53:49'),
(55, '6', '63', '2024-04-01 08:53:49', '2024-04-01 08:53:49'),
(56, '7', '63', '2024-04-01 08:53:49', '2024-04-01 08:53:49'),
(57, '8', '63', '2024-04-01 08:53:49', '2024-04-01 08:53:49'),
(58, '5', '64', '2024-04-01 08:53:54', '2024-04-01 08:53:54'),
(59, '6', '64', '2024-04-01 08:53:54', '2024-04-01 08:53:54'),
(60, '7', '64', '2024-04-01 08:53:54', '2024-04-01 08:53:54'),
(61, '5', '65', '2024-04-01 08:54:04', '2024-04-01 08:54:04'),
(62, '6', '65', '2024-04-01 08:54:04', '2024-04-01 08:54:04'),
(63, '7', '65', '2024-04-01 08:54:04', '2024-04-01 08:54:04'),
(64, '8', '65', '2024-04-01 08:54:04', '2024-04-01 08:54:04'),
(65, '47', '66', '2024-04-03 05:07:58', '2024-04-03 05:07:58'),
(66, '47', '67', '2024-04-03 05:08:04', '2024-04-03 05:08:04'),
(67, '47', '68', '2024-04-03 05:08:11', '2024-04-03 05:08:11'),
(68, '47', '69', '2024-04-03 05:08:17', '2024-04-03 05:08:17'),
(70, '4', '49', '2024-04-03 06:38:01', '2024-04-03 06:38:01'),
(71, '4', '48', '2024-04-03 06:38:05', '2024-04-03 06:38:05'),
(72, '4', '54', '2024-04-03 06:38:20', '2024-04-03 06:38:20'),
(73, '4', '55', '2024-04-03 06:38:24', '2024-04-03 06:38:24'),
(74, '2', '56', '2024-04-03 06:38:30', '2024-04-03 06:38:30'),
(75, '4', '56', '2024-04-03 06:38:30', '2024-04-03 06:38:30'),
(76, '9', '56', '2024-04-03 06:38:30', '2024-04-03 06:38:30'),
(77, '48', '66', '2024-04-03 06:38:50', '2024-04-03 06:38:50'),
(78, '48', '67', '2024-04-03 06:38:57', '2024-04-03 06:38:57'),
(79, '48', '68', '2024-04-03 06:39:02', '2024-04-03 06:39:02'),
(80, '47', '70', '2024-04-03 06:40:20', '2024-04-03 06:40:20'),
(81, '48', '70', '2024-04-03 06:40:20', '2024-04-03 06:40:20'),
(82, '47', '71', '2024-04-03 06:40:28', '2024-04-03 06:40:28'),
(83, '48', '71', '2024-04-03 06:40:28', '2024-04-03 06:40:28'),
(84, '47', '72', '2024-04-03 06:40:34', '2024-04-03 06:40:34'),
(85, '48', '72', '2024-04-03 06:40:34', '2024-04-03 06:40:34'),
(86, '47', '73', '2024-04-03 06:40:41', '2024-04-03 06:40:41'),
(87, '48', '73', '2024-04-03 06:40:41', '2024-04-03 06:40:41'),
(88, '49', '73', '2024-04-03 06:40:41', '2024-04-03 06:40:41'),
(89, '48', '74', '2024-04-03 06:40:52', '2024-04-03 06:40:52'),
(90, '47', '74', '2024-04-03 06:40:52', '2024-04-03 06:40:52'),
(91, '49', '74', '2024-04-03 06:40:52', '2024-04-03 06:40:52'),
(92, '50', '74', '2024-04-03 06:40:52', '2024-04-03 06:40:52'),
(93, '47', '75', '2024-04-03 06:40:59', '2024-04-03 06:40:59'),
(94, '48', '75', '2024-04-03 06:40:59', '2024-04-03 06:40:59'),
(95, '49', '75', '2024-04-03 06:40:59', '2024-04-03 06:40:59'),
(96, '48', '76', '2024-04-03 06:41:13', '2024-04-03 06:41:13'),
(97, '47', '76', '2024-04-03 06:41:13', '2024-04-03 06:41:13'),
(98, '49', '76', '2024-04-03 06:41:13', '2024-04-03 06:41:13'),
(99, '50', '76', '2024-04-03 06:41:13', '2024-04-03 06:41:13'),
(100, '5', '77', '2024-04-03 06:42:28', '2024-04-03 06:42:28'),
(101, '6', '77', '2024-04-03 06:42:28', '2024-04-03 06:42:28'),
(102, '7', '77', '2024-04-03 06:42:28', '2024-04-03 06:42:28'),
(103, '5', '78', '2024-04-03 06:42:34', '2024-04-03 06:42:34'),
(104, '6', '78', '2024-04-03 06:42:34', '2024-04-03 06:42:34'),
(105, '7', '78', '2024-04-03 06:42:34', '2024-04-03 06:42:34'),
(106, '8', '78', '2024-04-03 06:42:34', '2024-04-03 06:42:34'),
(107, '5', '79', '2024-04-03 06:42:37', '2024-04-03 06:42:37'),
(108, '6', '79', '2024-04-03 06:42:37', '2024-04-03 06:42:37'),
(109, '5', '80', '2024-04-03 06:42:43', '2024-04-03 06:42:43'),
(110, '6', '80', '2024-04-03 06:42:43', '2024-04-03 06:42:43'),
(111, '5', '81', '2024-04-03 06:42:51', '2024-04-03 06:42:51'),
(112, '6', '81', '2024-04-03 06:42:51', '2024-04-03 06:42:51'),
(113, '7', '81', '2024-04-03 06:42:51', '2024-04-03 06:42:51'),
(114, '5', '83', '2024-04-03 06:42:54', '2024-04-03 06:42:54'),
(115, '6', '83', '2024-04-03 06:42:54', '2024-04-03 06:42:54'),
(116, '5', '82', '2024-04-03 06:42:58', '2024-04-03 06:42:58'),
(117, '8', '82', '2024-04-03 06:42:58', '2024-04-03 06:42:58'),
(118, '53', '84', '2024-04-03 06:57:11', '2024-04-03 06:57:11'),
(119, '54', '84', '2024-04-03 06:57:11', '2024-04-03 06:57:11'),
(120, '53', '85', '2024-04-03 06:57:15', '2024-04-03 06:57:15'),
(121, '54', '85', '2024-04-03 06:57:15', '2024-04-03 06:57:15'),
(122, '53', '86', '2024-04-03 06:57:20', '2024-04-03 06:57:20'),
(123, '54', '86', '2024-04-03 06:57:20', '2024-04-03 06:57:20'),
(124, '55', '86', '2024-04-03 06:57:20', '2024-04-03 06:57:20'),
(125, '56', '86', '2024-04-03 06:57:20', '2024-04-03 06:57:20'),
(126, '53', '87', '2024-04-03 06:57:27', '2024-04-03 06:57:27'),
(127, '54', '87', '2024-04-03 06:57:27', '2024-04-03 06:57:27'),
(128, '55', '87', '2024-04-03 06:57:27', '2024-04-03 06:57:27'),
(129, '53', '88', '2024-04-03 06:57:34', '2024-04-03 06:57:34'),
(130, '54', '88', '2024-04-03 06:57:34', '2024-04-03 06:57:34'),
(131, '55', '88', '2024-04-03 06:57:34', '2024-04-03 06:57:34'),
(132, '56', '88', '2024-04-03 06:57:34', '2024-04-03 06:57:34'),
(133, '53', '89', '2024-04-03 06:57:39', '2024-04-03 06:57:39'),
(134, '54', '89', '2024-04-03 06:57:39', '2024-04-03 06:57:39'),
(135, '55', '89', '2024-04-03 06:57:39', '2024-04-03 06:57:39'),
(136, '53', '90', '2024-04-03 06:57:48', '2024-04-03 06:57:48'),
(137, '54', '90', '2024-04-03 06:57:48', '2024-04-03 06:57:48'),
(138, '55', '90', '2024-04-03 06:57:48', '2024-04-03 06:57:48'),
(139, '53', '93', '2024-04-03 06:57:53', '2024-04-03 06:57:53'),
(140, '54', '93', '2024-04-03 06:57:53', '2024-04-03 06:57:53'),
(141, '55', '93', '2024-04-03 06:57:53', '2024-04-03 06:57:53'),
(142, '53', '92', '2024-04-03 06:57:57', '2024-04-03 06:57:57'),
(143, '54', '92', '2024-04-03 06:57:57', '2024-04-03 06:57:57'),
(144, '53', '91', '2024-04-03 06:58:01', '2024-04-03 06:58:01'),
(145, '54', '91', '2024-04-03 06:58:01', '2024-04-03 06:58:01'),
(146, '53', '94', '2024-04-03 06:58:29', '2024-04-03 06:58:29'),
(147, '54', '94', '2024-04-03 06:58:29', '2024-04-03 06:58:29'),
(148, '55', '94', '2024-04-03 06:58:29', '2024-04-03 06:58:29'),
(149, '53', '95', '2024-04-03 06:58:36', '2024-04-03 06:58:36'),
(150, '54', '95', '2024-04-03 06:58:36', '2024-04-03 06:58:36'),
(151, '55', '95', '2024-04-03 06:58:36', '2024-04-03 06:58:36'),
(152, '53', '96', '2024-04-03 06:58:40', '2024-04-03 06:58:40'),
(153, '54', '96', '2024-04-03 06:58:40', '2024-04-03 06:58:40'),
(154, '55', '96', '2024-04-03 06:58:40', '2024-04-03 06:58:40'),
(155, '53', '97', '2024-04-03 06:58:44', '2024-04-03 06:58:44'),
(156, '54', '97', '2024-04-03 06:58:44', '2024-04-03 06:58:44'),
(157, '55', '97', '2024-04-03 06:58:44', '2024-04-03 06:58:44'),
(158, '53', '98', '2024-04-03 06:58:53', '2024-04-03 06:58:53'),
(159, '54', '98', '2024-04-03 06:58:53', '2024-04-03 06:58:53'),
(160, '55', '98', '2024-04-03 06:58:53', '2024-04-03 06:58:53'),
(161, '53', '99', '2024-04-03 06:59:01', '2024-04-03 06:59:01'),
(162, '54', '99', '2024-04-03 06:59:01', '2024-04-03 06:59:01'),
(163, '55', '99', '2024-04-03 06:59:01', '2024-04-03 06:59:01'),
(164, '53', '100', '2024-04-03 06:59:10', '2024-04-03 06:59:10'),
(165, '54', '100', '2024-04-03 06:59:10', '2024-04-03 06:59:10'),
(166, '55', '100', '2024-04-03 06:59:10', '2024-04-03 06:59:10'),
(167, '53', '103', '2024-04-03 06:59:18', '2024-04-03 06:59:18'),
(168, '54', '103', '2024-04-03 06:59:18', '2024-04-03 06:59:18'),
(169, '55', '103', '2024-04-03 06:59:18', '2024-04-03 06:59:18'),
(170, '53', '102', '2024-04-03 06:59:22', '2024-04-03 06:59:22'),
(171, '54', '102', '2024-04-03 06:59:22', '2024-04-03 06:59:22'),
(172, '55', '102', '2024-04-03 06:59:22', '2024-04-03 06:59:22'),
(173, '53', '101', '2024-04-03 06:59:27', '2024-04-03 06:59:27'),
(174, '54', '101', '2024-04-03 06:59:27', '2024-04-03 06:59:27'),
(175, '55', '101', '2024-04-03 06:59:27', '2024-04-03 06:59:27'),
(176, '59', '104', '2024-04-03 07:00:33', '2024-04-03 07:00:33'),
(177, '60', '104', '2024-04-03 07:00:33', '2024-04-03 07:00:33'),
(178, '61', '104', '2024-04-03 07:00:33', '2024-04-03 07:00:33'),
(179, '59', '105', '2024-04-03 07:00:37', '2024-04-03 07:00:37'),
(180, '60', '105', '2024-04-03 07:00:37', '2024-04-03 07:00:37'),
(181, '61', '105', '2024-04-03 07:00:37', '2024-04-03 07:00:37'),
(182, '59', '106', '2024-04-03 07:00:41', '2024-04-03 07:00:41'),
(183, '60', '106', '2024-04-03 07:00:41', '2024-04-03 07:00:41'),
(184, '61', '106', '2024-04-03 07:00:41', '2024-04-03 07:00:41'),
(185, '59', '107', '2024-04-03 07:00:47', '2024-04-03 07:00:47'),
(186, '60', '107', '2024-04-03 07:00:47', '2024-04-03 07:00:47'),
(187, '61', '107', '2024-04-03 07:00:47', '2024-04-03 07:00:47'),
(188, '59', '108', '2024-04-03 07:00:52', '2024-04-03 07:00:52'),
(189, '60', '108', '2024-04-03 07:00:52', '2024-04-03 07:00:52'),
(190, '61', '108', '2024-04-03 07:00:52', '2024-04-03 07:00:52'),
(191, '59', '109', '2024-04-03 07:01:03', '2024-04-03 07:01:03'),
(192, '60', '109', '2024-04-03 07:01:03', '2024-04-03 07:01:03'),
(193, '61', '109', '2024-04-03 07:01:03', '2024-04-03 07:01:03'),
(194, '59', '110', '2024-04-03 07:01:10', '2024-04-03 07:01:10'),
(195, '60', '110', '2024-04-03 07:01:10', '2024-04-03 07:01:10'),
(196, '61', '110', '2024-04-03 07:01:10', '2024-04-03 07:01:10'),
(197, '62', '110', '2024-04-03 07:01:10', '2024-04-03 07:01:10'),
(198, '59', '111', '2024-04-03 07:01:19', '2024-04-03 07:01:19'),
(199, '60', '111', '2024-04-03 07:01:19', '2024-04-03 07:01:19'),
(200, '61', '111', '2024-04-03 07:01:19', '2024-04-03 07:01:19'),
(201, '62', '111', '2024-04-03 07:01:19', '2024-04-03 07:01:19'),
(202, '59', '112', '2024-04-03 07:01:33', '2024-04-03 07:01:33'),
(203, '60', '112', '2024-04-03 07:01:33', '2024-04-03 07:01:33'),
(204, '61', '112', '2024-04-03 07:01:33', '2024-04-03 07:01:33'),
(205, '59', '113', '2024-04-03 07:02:05', '2024-04-03 07:02:05'),
(206, '60', '113', '2024-04-03 07:02:05', '2024-04-03 07:02:05'),
(207, '61', '113', '2024-04-03 07:02:05', '2024-04-03 07:02:05'),
(208, '59', '114', '2024-04-03 07:02:09', '2024-04-03 07:02:09'),
(209, '60', '114', '2024-04-03 07:02:09', '2024-04-03 07:02:09'),
(210, '61', '114', '2024-04-03 07:02:09', '2024-04-03 07:02:09'),
(211, '59', '115', '2024-04-03 07:02:14', '2024-04-03 07:02:14'),
(212, '60', '115', '2024-04-03 07:02:14', '2024-04-03 07:02:14'),
(213, '61', '115', '2024-04-03 07:02:14', '2024-04-03 07:02:14'),
(214, '59', '116', '2024-04-03 07:02:19', '2024-04-03 07:02:19'),
(215, '60', '116', '2024-04-03 07:02:19', '2024-04-03 07:02:19'),
(216, '61', '116', '2024-04-03 07:02:19', '2024-04-03 07:02:19'),
(217, '62', '116', '2024-04-03 07:02:19', '2024-04-03 07:02:19'),
(218, '59', '117', '2024-04-03 07:02:25', '2024-04-03 07:02:25'),
(219, '60', '117', '2024-04-03 07:02:25', '2024-04-03 07:02:25'),
(220, '61', '117', '2024-04-03 07:02:25', '2024-04-03 07:02:25'),
(221, '59', '118', '2024-04-03 07:02:30', '2024-04-03 07:02:30'),
(222, '60', '118', '2024-04-03 07:02:30', '2024-04-03 07:02:30'),
(223, '61', '118', '2024-04-03 07:02:30', '2024-04-03 07:02:30'),
(224, '59', '119', '2024-04-03 07:02:34', '2024-04-03 07:02:34'),
(225, '60', '119', '2024-04-03 07:02:34', '2024-04-03 07:02:34'),
(226, '61', '119', '2024-04-03 07:02:34', '2024-04-03 07:02:34'),
(227, '65', '120', '2024-04-03 07:03:22', '2024-04-03 07:03:22'),
(228, '67', '120', '2024-04-03 07:03:22', '2024-04-03 07:03:22'),
(229, '66', '120', '2024-04-03 07:03:22', '2024-04-03 07:03:22'),
(230, '65', '121', '2024-04-03 07:03:26', '2024-04-03 07:03:26'),
(231, '66', '121', '2024-04-03 07:03:26', '2024-04-03 07:03:26'),
(232, '67', '121', '2024-04-03 07:03:26', '2024-04-03 07:03:26'),
(233, '65', '122', '2024-04-03 07:03:31', '2024-04-03 07:03:31'),
(234, '66', '122', '2024-04-03 07:03:31', '2024-04-03 07:03:31'),
(235, '67', '122', '2024-04-03 07:03:31', '2024-04-03 07:03:31'),
(236, '65', '123', '2024-04-03 07:03:35', '2024-04-03 07:03:35'),
(237, '66', '123', '2024-04-03 07:03:35', '2024-04-03 07:03:35'),
(238, '67', '123', '2024-04-03 07:03:35', '2024-04-03 07:03:35'),
(239, '65', '124', '2024-04-03 07:03:41', '2024-04-03 07:03:41'),
(240, '66', '124', '2024-04-03 07:03:41', '2024-04-03 07:03:41'),
(241, '67', '124', '2024-04-03 07:03:41', '2024-04-03 07:03:41'),
(242, '65', '129', '2024-04-03 07:03:47', '2024-04-03 07:03:47'),
(243, '66', '129', '2024-04-03 07:03:47', '2024-04-03 07:03:47'),
(244, '67', '129', '2024-04-03 07:03:47', '2024-04-03 07:03:47'),
(245, '68', '129', '2024-04-03 07:03:47', '2024-04-03 07:03:47'),
(246, '66', '128', '2024-04-03 07:03:51', '2024-04-03 07:03:51'),
(247, '65', '128', '2024-04-03 07:03:51', '2024-04-03 07:03:51'),
(248, '65', '127', '2024-04-03 07:03:54', '2024-04-03 07:03:54'),
(249, '66', '127', '2024-04-03 07:03:54', '2024-04-03 07:03:54'),
(250, '65', '126', '2024-04-03 07:03:58', '2024-04-03 07:03:58'),
(251, '66', '126', '2024-04-03 07:03:58', '2024-04-03 07:03:58'),
(252, '65', '125', '2024-04-03 07:04:02', '2024-04-03 07:04:02'),
(253, '66', '125', '2024-04-03 07:04:02', '2024-04-03 07:04:02'),
(254, '65', '140', '2024-04-03 07:04:52', '2024-04-03 07:04:52'),
(255, '66', '140', '2024-04-03 07:04:52', '2024-04-03 07:04:52'),
(256, '65', '141', '2024-04-03 07:04:55', '2024-04-03 07:04:55'),
(257, '66', '141', '2024-04-03 07:04:55', '2024-04-03 07:04:55'),
(258, '65', '142', '2024-04-03 07:04:58', '2024-04-03 07:04:58'),
(259, '66', '142', '2024-04-03 07:04:59', '2024-04-03 07:04:59'),
(260, '67', '142', '2024-04-03 07:04:59', '2024-04-03 07:04:59'),
(261, '65', '143', '2024-04-03 07:05:09', '2024-04-03 07:05:09'),
(262, '66', '143', '2024-04-03 07:05:09', '2024-04-03 07:05:09'),
(263, '67', '143', '2024-04-03 07:05:09', '2024-04-03 07:05:09'),
(264, '65', '144', '2024-04-03 07:05:12', '2024-04-03 07:05:12'),
(265, '66', '144', '2024-04-03 07:05:12', '2024-04-03 07:05:12'),
(266, '67', '144', '2024-04-03 07:05:12', '2024-04-03 07:05:12'),
(267, '65', '145', '2024-04-03 07:05:20', '2024-04-03 07:05:20'),
(268, '66', '145', '2024-04-03 07:05:20', '2024-04-03 07:05:20'),
(269, '67', '145', '2024-04-03 07:05:20', '2024-04-03 07:05:20'),
(270, '65', '148', '2024-04-03 07:05:25', '2024-04-03 07:05:25'),
(271, '66', '148', '2024-04-03 07:05:25', '2024-04-03 07:05:25'),
(272, '67', '148', '2024-04-03 07:05:25', '2024-04-03 07:05:25'),
(273, '65', '149', '2024-04-03 07:05:28', '2024-04-03 07:05:28'),
(274, '66', '149', '2024-04-03 07:05:28', '2024-04-03 07:05:28'),
(275, '70', '162', '2024-04-03 07:06:09', '2024-04-03 07:06:09'),
(276, '71', '162', '2024-04-03 07:06:09', '2024-04-03 07:06:09'),
(277, '72', '162', '2024-04-03 07:06:09', '2024-04-03 07:06:09'),
(278, '70', '163', '2024-04-03 07:06:13', '2024-04-03 07:06:13'),
(279, '71', '163', '2024-04-03 07:06:13', '2024-04-03 07:06:13'),
(280, '72', '163', '2024-04-03 07:06:13', '2024-04-03 07:06:13'),
(281, '70', '164', '2024-04-03 07:06:17', '2024-04-03 07:06:17'),
(282, '71', '164', '2024-04-03 07:06:17', '2024-04-03 07:06:17'),
(283, '72', '164', '2024-04-03 07:06:17', '2024-04-03 07:06:17'),
(284, '70', '165', '2024-04-03 07:06:21', '2024-04-03 07:06:21'),
(285, '71', '165', '2024-04-03 07:06:21', '2024-04-03 07:06:21'),
(286, '72', '165', '2024-04-03 07:06:21', '2024-04-03 07:06:21'),
(287, '70', '166', '2024-04-03 07:06:27', '2024-04-03 07:06:27'),
(288, '71', '166', '2024-04-03 07:06:27', '2024-04-03 07:06:27'),
(289, '72', '166', '2024-04-03 07:06:27', '2024-04-03 07:06:27'),
(290, '73', '166', '2024-04-03 07:06:27', '2024-04-03 07:06:27'),
(291, '70', '171', '2024-04-03 07:06:37', '2024-04-03 07:06:37'),
(292, '71', '171', '2024-04-03 07:06:37', '2024-04-03 07:06:37'),
(293, '72', '171', '2024-04-03 07:06:37', '2024-04-03 07:06:37'),
(294, '70', '170', '2024-04-03 07:06:40', '2024-04-03 07:06:40'),
(295, '71', '170', '2024-04-03 07:06:40', '2024-04-03 07:06:40'),
(296, '70', '169', '2024-04-03 07:06:45', '2024-04-03 07:06:45'),
(297, '71', '169', '2024-04-03 07:06:45', '2024-04-03 07:06:45'),
(298, '70', '168', '2024-04-03 07:06:51', '2024-04-03 07:06:51'),
(299, '71', '168', '2024-04-03 07:06:51', '2024-04-03 07:06:51'),
(300, '72', '168', '2024-04-03 07:06:51', '2024-04-03 07:06:51'),
(301, '70', '167', '2024-04-03 07:06:55', '2024-04-03 07:06:55'),
(302, '71', '167', '2024-04-03 07:06:55', '2024-04-03 07:06:55'),
(303, '72', '167', '2024-04-03 07:06:55', '2024-04-03 07:06:55'),
(304, '70', '176', '2024-04-03 07:07:37', '2024-04-03 07:07:37'),
(305, '71', '176', '2024-04-03 07:07:37', '2024-04-03 07:07:37'),
(306, '72', '176', '2024-04-03 07:07:37', '2024-04-03 07:07:37'),
(307, '70', '177', '2024-04-03 07:07:45', '2024-04-03 07:07:45'),
(308, '71', '177', '2024-04-03 07:07:45', '2024-04-03 07:07:45'),
(309, '72', '177', '2024-04-03 07:07:45', '2024-04-03 07:07:45'),
(310, '73', '177', '2024-04-03 07:07:45', '2024-04-03 07:07:45'),
(311, '74', '177', '2024-04-03 07:07:45', '2024-04-03 07:07:45'),
(312, '70', '178', '2024-04-03 07:07:49', '2024-04-03 07:07:49'),
(313, '71', '178', '2024-04-03 07:07:49', '2024-04-03 07:07:49'),
(314, '72', '178', '2024-04-03 07:07:49', '2024-04-03 07:07:49'),
(315, '73', '178', '2024-04-03 07:07:49', '2024-04-03 07:07:49'),
(316, '74', '178', '2024-04-03 07:07:49', '2024-04-03 07:07:49'),
(317, '70', '179', '2024-04-03 07:07:55', '2024-04-03 07:07:55'),
(318, '71', '179', '2024-04-03 07:07:55', '2024-04-03 07:07:55'),
(319, '74', '179', '2024-04-03 07:07:55', '2024-04-03 07:07:55'),
(320, '70', '180', '2024-04-03 07:08:08', '2024-04-03 07:08:08'),
(321, '71', '180', '2024-04-03 07:08:08', '2024-04-03 07:08:08'),
(322, '73', '180', '2024-04-03 07:08:08', '2024-04-03 07:08:08'),
(323, '70', '181', '2024-04-03 07:08:12', '2024-04-03 07:08:12'),
(324, '71', '181', '2024-04-03 07:08:12', '2024-04-03 07:08:12'),
(325, '72', '181', '2024-04-03 07:08:12', '2024-04-03 07:08:12'),
(326, '70', '185', '2024-04-03 07:08:17', '2024-04-03 07:08:17'),
(327, '71', '185', '2024-04-03 07:08:17', '2024-04-03 07:08:17'),
(328, '72', '185', '2024-04-03 07:08:17', '2024-04-03 07:08:17'),
(329, '70', '184', '2024-04-03 07:08:22', '2024-04-03 07:08:22'),
(330, '71', '184', '2024-04-03 07:08:22', '2024-04-03 07:08:22'),
(331, '72', '184', '2024-04-03 07:08:22', '2024-04-03 07:08:22'),
(332, '70', '183', '2024-04-03 07:08:26', '2024-04-03 07:08:26'),
(333, '71', '183', '2024-04-03 07:08:26', '2024-04-03 07:08:26'),
(334, '72', '183', '2024-04-03 07:08:26', '2024-04-03 07:08:26'),
(335, '70', '182', '2024-04-03 07:08:31', '2024-04-03 07:08:31'),
(336, '71', '182', '2024-04-03 07:08:31', '2024-04-03 07:08:31'),
(337, '72', '182', '2024-04-03 07:08:31', '2024-04-03 07:08:31'),
(338, '76', '188', '2024-04-03 07:09:28', '2024-04-03 07:09:28'),
(339, '77', '188', '2024-04-03 07:09:28', '2024-04-03 07:09:28'),
(340, '78', '188', '2024-04-03 07:09:28', '2024-04-03 07:09:28'),
(341, '76', '189', '2024-04-03 07:09:33', '2024-04-03 07:09:33'),
(342, '77', '189', '2024-04-03 07:09:33', '2024-04-03 07:09:33'),
(343, '78', '189', '2024-04-03 07:09:33', '2024-04-03 07:09:33'),
(344, '76', '190', '2024-04-03 07:09:39', '2024-04-03 07:09:39'),
(345, '77', '190', '2024-04-03 07:09:39', '2024-04-03 07:09:39'),
(346, '78', '190', '2024-04-03 07:09:39', '2024-04-03 07:09:39'),
(347, '76', '191', '2024-04-03 07:09:48', '2024-04-03 07:09:48'),
(348, '77', '191', '2024-04-03 07:09:48', '2024-04-03 07:09:48'),
(349, '78', '191', '2024-04-03 07:09:48', '2024-04-03 07:09:48'),
(350, '76', '197', '2024-04-03 07:09:56', '2024-04-03 07:09:56'),
(351, '77', '197', '2024-04-03 07:09:56', '2024-04-03 07:09:56'),
(352, '78', '197', '2024-04-03 07:09:56', '2024-04-03 07:09:56'),
(353, '76', '196', '2024-04-03 07:10:01', '2024-04-03 07:10:01'),
(354, '77', '196', '2024-04-03 07:10:01', '2024-04-03 07:10:01'),
(355, '78', '196', '2024-04-03 07:10:01', '2024-04-03 07:10:01'),
(356, '76', '195', '2024-04-03 07:10:05', '2024-04-03 07:10:05'),
(357, '77', '195', '2024-04-03 07:10:05', '2024-04-03 07:10:05'),
(358, '78', '195', '2024-04-03 07:10:05', '2024-04-03 07:10:05'),
(359, '76', '194', '2024-04-03 07:10:10', '2024-04-03 07:10:10'),
(360, '77', '194', '2024-04-03 07:10:10', '2024-04-03 07:10:10'),
(361, '78', '194', '2024-04-03 07:10:10', '2024-04-03 07:10:10'),
(362, '79', '194', '2024-04-03 07:10:10', '2024-04-03 07:10:10'),
(363, '76', '193', '2024-04-03 07:10:16', '2024-04-03 07:10:16'),
(364, '77', '193', '2024-04-03 07:10:16', '2024-04-03 07:10:16'),
(365, '78', '193', '2024-04-03 07:10:16', '2024-04-03 07:10:16'),
(366, '79', '193', '2024-04-03 07:10:16', '2024-04-03 07:10:16'),
(367, '76', '192', '2024-04-03 07:10:20', '2024-04-03 07:10:20'),
(368, '77', '192', '2024-04-03 07:10:20', '2024-04-03 07:10:20'),
(369, '78', '192', '2024-04-03 07:10:20', '2024-04-03 07:10:20'),
(370, '76', '208', '2024-04-03 07:10:57', '2024-04-03 07:10:57'),
(371, '77', '208', '2024-04-03 07:10:57', '2024-04-03 07:10:57'),
(372, '78', '208', '2024-04-03 07:10:57', '2024-04-03 07:10:57'),
(373, '76', '209', '2024-04-03 07:11:00', '2024-04-03 07:11:00'),
(374, '77', '209', '2024-04-03 07:11:00', '2024-04-03 07:11:00'),
(375, '78', '209', '2024-04-03 07:11:00', '2024-04-03 07:11:00'),
(376, '76', '210', '2024-04-03 07:11:04', '2024-04-03 07:11:04'),
(377, '77', '210', '2024-04-03 07:11:04', '2024-04-03 07:11:04'),
(378, '78', '210', '2024-04-03 07:11:04', '2024-04-03 07:11:04'),
(379, '76', '212', '2024-04-03 07:11:11', '2024-04-03 07:11:11'),
(380, '77', '212', '2024-04-03 07:11:11', '2024-04-03 07:11:11'),
(381, '78', '212', '2024-04-03 07:11:11', '2024-04-03 07:11:11'),
(382, '76', '217', '2024-04-03 07:11:16', '2024-04-03 07:11:16'),
(383, '77', '217', '2024-04-03 07:11:16', '2024-04-03 07:11:16'),
(384, '78', '217', '2024-04-03 07:11:16', '2024-04-03 07:11:16'),
(385, '77', '216', '2024-04-03 07:11:21', '2024-04-03 07:11:21'),
(386, '76', '216', '2024-04-03 07:11:21', '2024-04-03 07:11:21'),
(387, '78', '216', '2024-04-03 07:11:21', '2024-04-03 07:11:21'),
(388, '76', '215', '2024-04-03 07:11:25', '2024-04-03 07:11:25'),
(389, '77', '215', '2024-04-03 07:11:25', '2024-04-03 07:11:25'),
(390, '78', '215', '2024-04-03 07:11:25', '2024-04-03 07:11:25'),
(391, '76', '214', '2024-04-03 07:11:32', '2024-04-03 07:11:32'),
(392, '77', '214', '2024-04-03 07:11:32', '2024-04-03 07:11:32'),
(393, '78', '214', '2024-04-03 07:11:32', '2024-04-03 07:11:32'),
(394, '76', '213', '2024-04-03 07:11:41', '2024-04-03 07:11:41'),
(395, '77', '213', '2024-04-03 07:11:41', '2024-04-03 07:11:41'),
(396, '78', '213', '2024-04-03 07:11:41', '2024-04-03 07:11:41'),
(397, '76', '211', '2024-04-03 07:11:48', '2024-04-03 07:11:48'),
(398, '77', '211', '2024-04-03 07:11:48', '2024-04-03 07:11:48'),
(399, '78', '211', '2024-04-03 07:11:48', '2024-04-03 07:11:48'),
(400, '76', '218', '2024-04-03 07:11:58', '2024-04-03 07:11:58'),
(401, '77', '218', '2024-04-03 07:11:58', '2024-04-03 07:11:58'),
(402, '78', '218', '2024-04-03 07:11:58', '2024-04-03 07:11:58'),
(403, '76', '219', '2024-04-03 07:12:01', '2024-04-03 07:12:01'),
(404, '77', '219', '2024-04-03 07:12:01', '2024-04-03 07:12:01'),
(405, '78', '219', '2024-04-03 07:12:01', '2024-04-03 07:12:01'),
(406, '76', '220', '2024-04-03 07:12:05', '2024-04-03 07:12:05'),
(407, '77', '220', '2024-04-03 07:12:05', '2024-04-03 07:12:05'),
(408, '78', '220', '2024-04-03 07:12:05', '2024-04-03 07:12:05'),
(409, '2', '248', '2024-04-03 08:03:03', '2024-04-03 08:03:03'),
(410, '4', '248', '2024-04-03 08:03:03', '2024-04-03 08:03:03'),
(411, '9', '248', '2024-04-03 08:03:03', '2024-04-03 08:03:03'),
(412, '23', '248', '2024-04-03 08:03:03', '2024-04-03 08:03:03'),
(413, '43', '248', '2024-04-03 08:03:03', '2024-04-03 08:03:03'),
(414, '44', '248', '2024-04-03 08:03:03', '2024-04-03 08:03:03');

-- --------------------------------------------------------

--
-- Table structure for table `topic_learn_results`
--

CREATE TABLE `topic_learn_results` (
  `tlr_id` bigint(20) UNSIGNED NOT NULL,
  `tlr_title` varchar(255) NOT NULL,
  `doc_type` varchar(255) NOT NULL,
  `c_id` varchar(255) NOT NULL,
  `created_at` timestamp NULL DEFAULT NULL,
  `updated_at` timestamp NULL DEFAULT NULL
) ENGINE=InnoDB DEFAULT CHARSET=utf8mb4 COLLATE=utf8mb4_unicode_ci;

--
-- Dumping data for table `topic_learn_results`
--

INSERT INTO `topic_learn_results` (`tlr_id`, `tlr_title`, `doc_type`, `c_id`, `created_at`, `updated_at`) VALUES
(1, 'คุณธรรมและ\nจริยธรรม', '1', '1', '2024-03-18 00:10:39', '2024-03-18 00:10:39'),
(2, 'ความรู้', '1', '1', '2024-03-18 00:10:48', '2024-03-18 00:10:48'),
(3, 'ทักษะทางปัญญา', '1', '1', '2024-03-18 00:11:07', '2024-03-18 00:11:07'),
(4, 'ทักษะ\nความสัมพันธ์\nระหว่างบุคคล\nและความ\nรับผิดชอบ', '1', '1', '2024-03-18 00:11:16', '2024-03-18 00:11:16'),
(5, 'ทักษะการ\nวิเคราะห์เชิง\nตัวเลข การ\nสื่อสาร และการ\nใช้เทคโนโลยี\nสารสนเทศ', '1', '1', '2024-03-18 00:11:37', '2024-03-18 00:11:37'),
(6, 'คุณธรรมและจริยธรรม', '2', '1', '2024-03-18 00:12:07', '2024-03-18 00:12:07'),
(7, 'ความรู้', '2', '1', '2024-03-18 00:12:12', '2024-03-18 00:12:12'),
(8, 'ทักษะทางปัญญา', '2', '1', '2024-03-18 00:12:19', '2024-03-18 00:12:19'),
(9, 'ทักษะ\nความสัมพันธ์\nระหว่างบุคคล\nและความ\nรับผิดชอบ', '2', '1', '2024-03-18 00:12:32', '2024-03-18 00:12:32'),
(10, 'ทักษะการ\nวิเคราะห์เชิง\nตัวเลข การ\nสื่อสาร และการ\nใช้เทคโนโลยี\nสารสนเทศ', '2', '1', '2024-03-18 00:12:41', '2024-03-18 00:12:41'),
(11, 'คุณธรรมและ จริยธรรม', '1', '8', '2024-03-21 06:11:57', '2024-03-21 06:11:57'),
(12, 'ความรู้', '1', '8', '2024-03-21 06:12:04', '2024-03-21 06:12:04'),
(13, 'ทักษะทางปัญญา', '1', '8', '2024-03-21 06:12:10', '2024-03-21 06:12:10'),
(14, 'ทักษะ ความสัมพันธ์ ระหว่างบุคคล และความ รับผิดชอบ', '1', '8', '2024-03-21 06:12:17', '2024-03-21 06:12:17'),
(15, 'ทักษะการ วิเคราะห์เชิง ตัวเลข การ สื่อสาร และการ ใช้เทคโนโลยี สารสนเทศ', '1', '8', '2024-03-21 06:12:23', '2024-03-21 06:12:23');

-- --------------------------------------------------------

--
-- Table structure for table `users`
--

CREATE TABLE `users` (
  `id` bigint(20) UNSIGNED NOT NULL,
  `username` varchar(255) NOT NULL,
  `email` varchar(255) NOT NULL,
  `email_verified_at` timestamp NULL DEFAULT NULL,
  `password` varchar(255) NOT NULL,
  `user_type` varchar(255) NOT NULL DEFAULT '2',
  `user_status` varchar(255) NOT NULL DEFAULT '1',
  `remember_token` varchar(100) DEFAULT NULL,
  `created_at` timestamp NULL DEFAULT NULL,
  `updated_at` timestamp NULL DEFAULT NULL
) ENGINE=InnoDB DEFAULT CHARSET=utf8mb4 COLLATE=utf8mb4_unicode_ci;

--
-- Dumping data for table `users`
--

INSERT INTO `users` (`id`, `username`, `email`, `email_verified_at`, `password`, `user_type`, `user_status`, `remember_token`, `created_at`, `updated_at`) VALUES
(1, 'admin', 'pond321@gmail.com', NULL, '$2y$12$szqeZGq7mkhnDHQ5Mm0cAemmlwJ4mUn6jAM0Oe3E4Ousqr6ce8gjy', '1', '1', NULL, '2024-03-17 23:20:09', '2024-03-17 23:20:09'),
(2, 'test01', 'pond321@gmail.com', NULL, '$2y$12$KbvDlpcyqOnVptxWrUI1/eTQ4tCrqD2glrqRljyhtOIbkEVsIYkqW', '2', '1', NULL, '2024-03-17 23:30:12', '2024-04-01 11:04:21'),
(3, 'test13', 'test02@gmail.com', NULL, '$2y$12$5x6Ll8vhyj9/eBUgME2ZVO1wLXrdJbwC7Wi/p.iF8BpTJOaTu3oJq', '3', '1', NULL, '2024-03-17 23:31:34', '2024-03-31 22:16:52'),
(4, 'test03', 'test03@gmail.com', NULL, '$2y$12$4PvmeyEogFyXsGwT/X7PmumF6IidEfrDW66.LQXqUGfbwF.r3qkoG', '2', '1', NULL, '2024-03-17 23:32:46', '2024-03-31 22:11:27'),
(5, 'test04', 'pond321@gmail.com', NULL, '$2y$12$a6p9w4expzcJmsKvG7OyPOWXkOCqgVnfTG/TkpURiuJi.givUNODC', '2', '1', NULL, '2024-03-17 23:33:40', '2024-03-31 22:18:22'),
(6, 'test06', 'test06@gmail.com', NULL, '$2y$12$0KqA09vZCzQaBD.0cecRwOSgDl72c/mb4SP/zyYGwzqd6qj.EV876', '2', '1', NULL, '2024-03-17 23:34:48', '2024-03-31 22:22:04'),
(7, 'test07', 'pond321@gmail.com', NULL, '$2y$12$D7BjRhM6Ba/Fg4EZnuMHJ.STdLN4qNnj.ftTqxYabZO1fAXImroD6', '2', '1', NULL, '2024-03-17 23:36:55', '2024-03-31 22:22:35'),
(8, 'test08', 'test08@gmail.com', NULL, '$2y$12$4hZ8pXDnUFIWAOTOsCple.NJVgZV7x0IwsrL9arVnzcN3BBLfTOtG', '2', '1', NULL, '2024-03-17 23:38:19', '2024-03-31 22:23:13'),
(9, 'test09', 'test09@gmail.com', NULL, '$2y$12$vEsm1FLZM9IqQ9jXPL6xwuDvhu7o7Tcc4cGZVZzOdZWkzK2LCEEtu', '2', '1', NULL, '2024-03-17 23:51:09', '2024-03-31 22:12:05'),
(10, 'test10', 'test10@gmail.com', NULL, '$2y$12$Rclwt2Zdie1UmI9LZbe1mOUt42rZFUjyov1ZC20AfG8GHCwoVQpM.', '4', '1', NULL, '2024-03-17 23:52:01', '2024-03-17 23:52:01'),
(23, 'test11', 'samak321@gmail.com', NULL, '$2y$12$fl3y1tYubncQdscLKwYtbuYDa6Zo9HiYPhaoUXItN0NkWdzPvcRgi', '2', '1', NULL, '2024-03-26 10:17:40', '2024-03-31 22:13:19'),
(24, 'pangpond', 'pangpond@gmail.com', NULL, '$2y$12$mXaMZaL664e4eLXf.TWVbO0FyKLhSoBc.9BDHftviTHAzp4Kot.ZS', '2', '1', NULL, '2024-03-27 09:36:08', '2024-03-27 09:36:08'),
(25, 'pangpond2', 'pangpond12345@gmail.com', NULL, '$2y$12$iX//Ve.kQddUOk6bVSNaEOFgPrVrady2QmbR3ede3QAFmaVkyqVaa', '2', '1', NULL, '2024-03-27 09:37:28', '2024-03-27 09:37:28'),
(28, 'test14', 'pangpond12585@gmail.com', NULL, '$2y$12$ZQcd.2VlunkRGx8sblvEO.bGywO2QQlzcFAQk3q9YMTxQu3qL.UmO', '3', '1', NULL, '2024-03-27 09:44:33', '2024-03-31 22:21:13'),
(29, 'pangpond5', 'pangpond12585@gmail.com', NULL, '$2y$12$eDL1CodKtTa74cMEOjHzhu30YsY8VLfnhyY6TnR.NLCAe1TP8PAIG', '2', '1', NULL, '2024-03-27 09:51:27', '2024-03-27 09:51:27'),
(30, 'pangpond6', 'pangpon58585@gmail.com', NULL, '$2y$12$4U.gqGAiy/vu.clq9rRcseTjk6YP/MKVzKKgVuOorfoPYdMWxYJJ.', '2', '1', NULL, '2024-03-27 09:52:33', '2024-03-27 09:52:33'),
(31, 'pangpond7858', 'pangpond@gmail.com', NULL, '$2y$12$PBxs6n8MbD0EyRAh6aW5BewGjiwGsQ8dTyrN9Q/4aI4ykcCs.2t36', '2', '1', NULL, '2024-03-27 09:56:35', '2024-03-27 09:56:35'),
(32, 'pangpond77', 'pangpond@gmail.com', NULL, '$2y$12$qLJRNBAg0gNzWXsmHJaEwuB1aHjvg0/cvqXdKGSoYtN8cWsdDvi5m', '2', '1', NULL, '2024-03-27 09:56:45', '2024-03-27 09:56:45'),
(33, 'pangpond89', 'pangpond12345@gmail.com', NULL, '$2y$12$jpr1Sn4I09FHy8fdA6kS4.KKYs9WbY6MhflBr3g/a.rRyTiG6EBvm', '2', '1', NULL, '2024-03-27 09:59:47', '2024-03-27 09:59:47'),
(34, 'pangpond9', 'pangpond12345@gmail.com', NULL, '$2y$12$TsnkAIKgiRbnT00Q8D9dPu48f4jArykBYzKzluB0svcWLXuOdHd.a', '2', '1', NULL, '2024-03-27 10:02:02', '2024-03-27 10:02:02'),
(35, 'gdgdfgdfgdfg', 'pangpon58585sdfsf@gmail.com', NULL, '$2y$12$Bw4E8skntwnF4carhFNjWeNNtzeqbqWBH30ploOeQww9BBYiN4I8G', '2', '1', NULL, '2024-03-27 10:02:44', '2024-03-27 10:02:44'),
(36, 'pangpond3888', 'pangpon58585@gmail.com', NULL, '$2y$12$seJBkaczZRpE4HxjvosIfuEcVy43tq1uV/38dlDkkfuUTLivKutBm', '2', '1', NULL, '2024-03-27 10:06:10', '2024-03-27 10:06:10'),
(37, 'pangpond6585', 'pangpond12585@gmail.com', NULL, '$2y$12$Y/lhDj7gznEqX7gd/A5H2.fU.7Nh7pxkTwOjSOQrNWurSl1/oa8sa', '2', '1', NULL, '2024-03-27 10:06:46', '2024-03-27 10:06:46'),
(38, 'pangpond3', 'pangpond12585@gmail.com', NULL, '$2y$12$PZUNaGo4nKI/I11B8jf7pu9tjnQzyaHkC4V8IkQoi8ihDAp2TwC/q', '2', '1', NULL, '2024-03-27 10:08:34', '2024-03-27 10:08:34'),
(39, 'pangpond78', 'pangpond12345@gmail.com', NULL, '$2y$12$hnk.IUozEtd6Cmy/VTSMsuC.uTWXRrEXd454MfHGWbQSabLtWX0qa', '2', '1', NULL, '2024-03-27 10:10:09', '2024-03-27 10:10:09'),
(40, 'pangpond585855', 'pangpond@gmail.com', NULL, '$2y$12$yi47WXzeVhBDTTFPFSiFPOEkVuCTv5cqMXDEnFE7YxJgjaElDwX.S', '2', '1', NULL, '2024-03-27 10:11:16', '2024-03-27 10:11:16'),
(41, 'pangpond6963', 'pangpond125854747@gmail.com', NULL, '$2y$12$fm4LC5.Wy/cbuwkr8KgHDue9qHniS1aES0s706WNwcAcyQ79mTxaW', '2', '1', NULL, '2024-03-27 10:16:49', '2024-03-27 10:16:49'),
(42, 'pangpond2959', 'pangpond@gmail.com', NULL, '$2y$12$nn60A.W5lOxKfdFoyycswuYmW39eKpTPuOtWAv80eqyK4/vZw/Z5a', '2', '1', NULL, '2024-03-27 10:33:28', '2024-03-27 10:33:28'),
(43, 'test12', 'nattiya31dd1258@gmail.com', NULL, '$2y$12$xiIwL17jW1kdPPS3GiRrtugOnkdwPCJgjuL8aPRi0Gt8pKKGajpeK', '2', '1', NULL, '2024-03-31 11:08:15', '2024-03-31 22:14:27'),
(44, 'admin112', 'nattiya311258@gmail.com', NULL, '$2y$12$0h1ti7GUlSyDe4xmBiuUfOgSvAtTPTqjNLLtep2YaYGe6HJ2Rlf6W', '2', '1', NULL, '2024-03-31 11:37:21', '2024-03-31 11:37:21'),
(45, 'test02', 'nattiya311258@gmail.com', NULL, '$2y$12$H/kiTzsqP3ZChSW1VmrMi.Ee2kIgWUUmikHTFCq3FCUhROSlOWC12', '3', '1', NULL, '2024-03-31 13:17:55', '2024-03-31 13:17:55'),
(46, 'manager', 'pond321@gmail.com', NULL, '$2y$12$40VCOdrg4WLn1L3LoswCyelAZQIK1Bg80AIStO.0DStvyXWZnQ3p.', '4', '1', NULL, '2024-03-31 13:21:10', '2024-03-31 13:21:33'),
(47, 'test20', 'test20@gmail.com', NULL, '$2y$12$3isxu19.s8vJbRqMB4IJ6./B3FefRarsZl8nhWYaCuz9Kf6iXByQS', '2', '1', NULL, '2024-04-02 09:14:34', '2024-04-02 09:14:34'),
(48, 'test21', 'test21@gmail.com', NULL, '$2y$12$u1CtILeK0R14lcYqJ.ySfe6tEstczEPz3p2nguBk3zECX7yIm1lHe', '2', '1', NULL, '2024-04-02 09:16:29', '2024-04-02 09:16:29'),
(49, 'test22', 'test22@gmail.com', NULL, '$2y$12$EAg0aq3gu/iQAXWBplaKd.NBewQoTxL5KiEOghhWR8eHYFLIvzxXu', '2', '1', NULL, '2024-04-02 09:17:46', '2024-04-02 09:17:46'),
(50, 'test23', 'test23@gmail.com', NULL, '$2y$12$Dg5heF/1OtiClaMY27dpau2P5gTGp303rVeuB.3K7aP3ohKrUrx/S', '2', '1', NULL, '2024-04-02 09:19:13', '2024-04-02 09:19:13'),
(51, 'test24', 'test24@gmail.com', NULL, '$2y$12$E8mVkm5cV1O/O.wY5dbSXe4AAY8G5IGius5Z4NiFaTQXVr3LKdViu', '2', '1', NULL, '2024-04-02 09:20:39', '2024-04-02 09:20:39'),
(52, 'test25', 'test25@gmail.com', NULL, '$2y$12$7RQbMqHykgeCFVBBaQM1u.XxL39XoDGzDXmiAREhEaSC/PpcvqKmi', '3', '1', NULL, '2024-04-02 09:22:22', '2024-04-02 09:22:22'),
(53, 'test26', 'test26@gmail.com', NULL, '$2y$12$5r6VJoyh7svwwPj90Mzlruju8/w7aOBJwtX.uK3Rf/fjNuM0jH792', '2', '1', NULL, '2024-04-02 09:26:57', '2024-04-02 09:26:57'),
(54, 'test27', 'test27@gmail.com', NULL, '$2y$12$4Kd15F7jbDvuHkj3IPMEmuV63PUoq7r8iZJ74/F8hCeOCnrgfm8q2', '2', '1', NULL, '2024-04-02 09:28:24', '2024-04-02 09:28:24'),
(55, 'test28', 'test28@gmail.com', NULL, '$2y$12$JPfy7Iz8/G1JE8hq8fVevuDEcdaT1yzipimu36mWVOQw6fq07mvHy', '2', '1', NULL, '2024-04-02 09:29:31', '2024-04-02 09:29:31'),
(56, 'test29', 'test29@gmail.com', NULL, '$2y$12$OlNnEFyoiNLtkyr3Gb2l6emxddErSEHY71S2QMuZcxSdLqRLuZTXK', '2', '1', NULL, '2024-04-02 09:31:02', '2024-04-02 09:31:02'),
(57, 'test30', 'test30@gmail.com', NULL, '$2y$12$e2JTIHgs215Hn.6go3Web.krG.5E5zaxvorxschQHpCypoRgWX9cC', '2', '1', NULL, '2024-04-02 09:32:26', '2024-04-02 09:32:26'),
(58, 'test31', 'test31@gmail.com', NULL, '$2y$12$NjNZWZShkx4tDyHZ4EnlXO2Qh6QXImqXATibLTXeAXHO83580vn62', '3', '1', NULL, '2024-04-02 09:34:22', '2024-04-02 09:34:22'),
(59, 'test32', 'test32@gmail.com', NULL, '$2y$12$Icz3jlJcqmjZn5xC12rKqOt4C7d5JeJ6adRwvY8n7vZRKE8JdZpem', '2', '1', NULL, '2024-04-03 02:41:34', '2024-04-03 02:41:34'),
(60, 'test33', 'test33@gmail.com', NULL, '$2y$12$ZpIsaUjQ6u5/Xmx.T8bNmu.ugcpZhtr04h0YL0c7iRtqh9fs0Pp5O', '2', '1', NULL, '2024-04-03 02:42:42', '2024-04-03 02:42:42'),
(61, 'test34', 'test34@gmail.com', NULL, '$2y$12$zzgQFiotDuI/9TkYR/Y08.JURZtxAMw1O7.NqLdxuWzLc9qDjXDue', '2', '1', NULL, '2024-04-03 02:43:59', '2024-04-03 02:43:59'),
(62, 'test35', 'test35@gmail.com', NULL, '$2y$12$cORHJODgQB0JUIwViLtALuBKwli1jWP7TcTahCQRrSIaxhSvgmB3q', '2', '1', NULL, '2024-04-03 02:45:16', '2024-04-03 02:45:16'),
(63, 'test36', 'test36@gmail.com', NULL, '$2y$12$LGyDV2ahEEEYE0D9CbpKMe9PX3ADw.RH8gAAjz3OHaRa5ZBnJoUFu', '2', '1', NULL, '2024-04-03 02:46:36', '2024-04-03 02:46:36'),
(64, 'test37', 'test37@gmail.com', NULL, '$2y$12$WRz/NPDlskQ5SRZ6NJVliuubEf3iRtc00CwZkQX65DLcI9ltv2IL6', '3', '1', NULL, '2024-04-03 02:50:33', '2024-04-03 02:50:33'),
(65, 'test38', 'test38@gmail.com', NULL, '$2y$12$GhUkO3O1ELww2IJtlYrP0.kKaZW4QS3mdCOqAYLwb9rsL.8KYMCjy', '2', '1', NULL, '2024-04-03 02:53:36', '2024-04-03 02:53:36'),
(66, 'test39', 'test39@gmail.com', NULL, '$2y$12$5BF06HEUztqH.ZBxudTRf.doytEZB6nsdtuJg417zo07/.qaNv6lm', '2', '1', NULL, '2024-04-03 02:54:39', '2024-04-03 02:54:39'),
(67, 'test41', 'test41@gmail.com', NULL, '$2y$12$rESTj3NegJs8WPTT8M5Nqe7gko3RGzjVCAg//DNvLfWl7MZ43Bl0i', '2', '1', NULL, '2024-04-03 03:10:07', '2024-04-03 03:10:07'),
(68, 'test42', 'test42@gmail.com', NULL, '$2y$12$/FofPRU8maT6qTsQc3lfL./Ts7ZQWyQBIFBu6K.pqAWVHltrT9g1.', '2', '1', NULL, '2024-04-03 03:11:33', '2024-04-03 03:11:33'),
(69, 'test43', 'test43@gmail.com', NULL, '$2y$12$nbwspcccYvNAV2v3Ddyise3sv5aSMM.hpi5LEj2oJdqCkvUbguXPC', '3', '1', NULL, '2024-04-03 03:12:49', '2024-04-03 03:12:49'),
(70, 'test44', 'test44@gmail.com', NULL, '$2y$12$t2xet0evZKjTOwaCiNZ2J.KjplWrA4ka2D2omXYZuGslFofpERn1e', '2', '1', NULL, '2024-04-03 03:15:51', '2024-04-03 03:15:51'),
(71, 'test45', 'test45@gmail.com', NULL, '$2y$12$o1BlUXs3vdZUb3gNIQ.wruAYnF4PMOddkjE4e9cj/G5nGhvJ40tVS', '2', '1', NULL, '2024-04-03 03:17:03', '2024-04-03 03:17:03'),
(72, 'test46', 'test46@gmail.com', NULL, '$2y$12$S5Jw76T2Wd0TsgXcLyW4Y.5.Pc.hCtw263YzeO3E5mQ6YrF7LzI.G', '2', '1', NULL, '2024-04-03 03:18:12', '2024-04-03 03:18:12'),
(73, 'test47', 'test47@gmail.com', NULL, '$2y$12$w0voRA3McG4elP9hcBT9b.2XJ2crwQDRQsNhJZz4mnI27C5T1K5xS', '2', '1', NULL, '2024-04-03 03:19:16', '2024-04-03 03:19:16'),
(74, 'test48', 'test48@gmail.com', NULL, '$2y$12$siMwOy2JXST66ynVrraTrOR1l4APPuPXNtD22J4pVWBlxs/6SI1Vi', '2', '1', NULL, '2024-04-03 03:20:23', '2024-04-03 03:20:23'),
(75, 'test49', 'test49@gmail.com', NULL, '$2y$12$5pwMbH6zx5LHd1uJH2BwFOomEzUibvNBHPJyWzr.8kEg4AJnejl3W', '3', '1', NULL, '2024-04-03 03:21:43', '2024-04-03 03:21:43'),
(76, 'test50', 'test50@gmail.com', NULL, '$2y$12$aaf34WCFDcBBgXKtSU51NO9K6nkAz.xXUWqvUmcBPZ.PXS/BN9chW', '2', '1', NULL, '2024-04-03 03:37:53', '2024-04-03 03:37:53'),
(77, 'test51', 'test51@gmail.com', NULL, '$2y$12$Oifif0Rf3TRMadi1LOxdGuptgUObJn.lYg5AX1p/L5fjc5OGWaXqa', '2', '1', NULL, '2024-04-03 03:39:00', '2024-04-03 03:39:00'),
(78, 'test52', 'test52@gmail.com', NULL, '$2y$12$kTQ4kjtt1DY3Dlq1eSMH5.0OpBLjQM06tTUyfh8AZ30gmJoZDultW', '2', '1', NULL, '2024-04-03 03:39:51', '2024-04-03 03:39:51'),
(79, 'test53', 'test53@gmail.com', NULL, '$2y$12$pLwblYcczn2gjHm8.Zsdn.OllgA15YBT7ZqCTw5xpU2X2dKzUBMg2', '2', '1', NULL, '2024-04-03 03:41:01', '2024-04-03 03:41:01'),
(80, 'test54', 'test54@gmail.com', NULL, '$2y$12$3U3I.YHnuHuc26GXfKAPPudxBhUct87.BOwMZ5NNGOavIqArWIq0G', '3', '1', NULL, '2024-04-03 03:42:04', '2024-04-03 03:42:04'),
(81, 'test55', 'test55@gmail.com', NULL, '$2y$12$XpIb1CUENM8gQER3eFPfEeunyYsuC9caXEl/uhizRuhKRoQ3UobOq', '2', '1', NULL, '2024-04-03 04:50:26', '2024-04-03 04:50:26'),
(82, 'test56', 'test56@gmail.com', NULL, '$2y$12$QLetV7DUAMnwmlSwLNiZl.ofywNf2Ziy2X.gjnsmCnnSmNFxpUFh.', '2', '1', NULL, '2024-04-03 04:52:30', '2024-04-03 04:52:30'),
(83, 'test57', 'test57@gmail.com', NULL, '$2y$12$2M8sBXtmtYROUQv8IzcX9ObLrbWJaQE8iHJIrQlKZxHB/uSfS6OX.', '2', '1', NULL, '2024-04-03 04:54:17', '2024-04-03 04:54:17'),
(84, 'test58', 'test58@gmail.com', NULL, '$2y$12$u/vFwNejmzN9/4FHLBkjAeZiZCZHPmf5icMUK2fNJuNICiHagF1li', '3', '1', NULL, '2024-04-03 04:55:47', '2024-04-03 04:55:47');

-- --------------------------------------------------------

--
-- Table structure for table `users_details`
--

CREATE TABLE `users_details` (
  `user_d_id` bigint(20) UNSIGNED NOT NULL,
  `user_d_name` varchar(255) NOT NULL,
  `user_d_name2` varchar(255) NOT NULL,
  `user_d_add` varchar(255) DEFAULT NULL,
  `user_d_email` varchar(255) NOT NULL,
  `user_d_phone` varchar(255) NOT NULL,
  `user_d_pic` varchar(255) NOT NULL,
  `id` varchar(255) NOT NULL,
  `p_id` varchar(255) DEFAULT NULL,
  `created_at` timestamp NULL DEFAULT NULL,
  `updated_at` timestamp NULL DEFAULT NULL
) ENGINE=InnoDB DEFAULT CHARSET=utf8mb4 COLLATE=utf8mb4_unicode_ci;

--
-- Dumping data for table `users_details`
--

INSERT INTO `users_details` (`user_d_id`, `user_d_name`, `user_d_name2`, `user_d_add`, `user_d_email`, `user_d_phone`, `user_d_pic`, `id`, `p_id`, `created_at`, `updated_at`) VALUES
(1, 'ศาสตร์ตรา ส่งฤทธิ์', 'Srattra Songrit', 'noneasd', 'pond321@gmail.com', '0992915848', '660af86679f4a_Tce0VKnwIp.jpg', '2', '1', '2024-03-17 23:30:12', '2024-04-01 11:09:42'),
(2, 'นางสมถวิล ปทุมลักษณ์', 'tawin payunlack', 'test02@gmail.com', 'test02@gmail.com', '992915848', '660a40657c675_lja4eCHYdF.png', '3', '1', '2024-03-17 23:31:34', '2024-03-31 22:04:37'),
(3, 'สุพรทิพย์ กิจบํารุง', 'Suporntip gitbamrung', 'ทดสอบระบบ', 'test03@gmail.com', '0992915847', '660d76d44df7b_bxd1kKbqVk.jpg', '4', '1', '2024-03-17 23:32:46', '2024-04-03 08:33:40'),
(4, 'ปฐมภิญญา ลันสุชีพ', 'Patompinya Lunsusep', 'ทดสอบระบบ', 'pond321@gmail.com', '0992915848', '660a40957b0ab_PNgb6oVL99.png', '5', '4', '2024-03-17 23:33:40', '2024-03-31 22:05:25'),
(5, 'นายกิตติ สุทธิสัมพันธ์', 'Gitti Sutsampan', 'ทดสอบระบบ', 'test06@gmail.com', '0992915848', '660a40a43b24a_x0lS9cbG1o.png', '6', '4', '2024-03-17 23:34:48', '2024-03-31 22:05:40'),
(6, 'นายพงศ์เทพ บัวทรัพย์', 'Pongtep Buatrap', 'fff', 'pond321@gmail.com', '0992915848', '660a410f8652e_YI084dlNQS.png', '7', '4', '2024-03-17 23:36:55', '2024-03-31 22:07:27'),
(7, 'พัชราพรรณ คําเสน', 'Patcharaphan Kaosen', 'ทดสอบระบบ', 'test08@gmail.com', '0992915848', '660a411f8ea6c_XNueTNJKVz.png', '8', '4', '2024-03-17 23:38:19', '2024-03-31 22:07:43'),
(8, 'เจษฎา อริยฉัตรกุล', 'Jetsada Ariyachatgul', 'test09@gmail.com', 'test09@gmail.com', '0992915848', '660a412b2fd97_ObDJ9ZL2KK.jpg', '9', '1', '2024-03-17 23:51:09', '2024-03-31 22:07:55'),
(9, 'นายดํารงค์ จันทร์สกุล', 'Dumrong Jangul', 'test10test10', 'test10@gmail.com', '0992915848', '660a413e66b11_mc4m214WRy.jpg', '10', '1', '2024-03-17 23:52:01', '2024-03-31 22:08:14'),
(10, 'สมัคร สมาน', 'Samak Saman', 'ทดสอบระบบ', 'samak321@gmail.com', '992915848', '660a41504c465_nHwG1P37vQ.jpg', '23', '1', '2024-03-26 10:17:40', '2024-03-31 22:08:32'),
(11, 'จักรกฤษณ์ พัวเหนี้ยว', 'Jakkrit Puanian', 'ทดสอบป้อนที่อยู่', 'pangpond@gmail.com', '992915848', 'user.png', '24', '4', '2024-03-27 09:36:08', '2024-04-03 08:30:51'),
(12, 'จิรพัชร เดชไกรทอง', 'Jirapat Dechkraithong', '12424424242', 'pangpond12345@gmail.com', '992915848', '66044b48cd6c3_gJsGFEHUaC.png', '25', '2', '2024-03-27 09:37:28', '2024-04-03 08:31:03'),
(13, 'นาย ประธาน คณิตศาสตร์', 'test_for_engname3', 'ทดสอบ', 'pangpond12585@gmail.com', '992915848', 'user.png', '28', '4', '2024-03-27 09:44:33', '2024-03-31 22:20:51'),
(14, 'ธันวา อินทมาตร', 'test_for_engname4', 'ทดสอบระบบ', 'pangpond12585@gmail.com', '992915848', 'user.png', '29', '2', '2024-03-27 09:51:27', '2024-04-03 08:08:34'),
(15, 'ภานุวัฒน์ แกล้วกล้า', 'Panuwat Kaewkla', 'ยนนบนยบนบยบ', 'pangpon58585@gmail.com', '992914858', 'user.png', '30', '1', '2024-03-27 09:52:33', '2024-04-03 08:30:04'),
(16, 'ภูวดล แก้วสร้อย', 'Phuwadon Kaewsoi', 'kpopo[op[', 'pangpond@gmail.com', '9929185858', 'user.png', '31', '4', '2024-03-27 09:56:35', '2024-04-03 08:30:21'),
(17, 'ภูสิกพงษ์ มีสิทธิ์', 'Phusikphong Meesit', 'null', 'pangpond@gmail.com', '9929185858', 'user.png', '32', '13', '2024-03-27 09:56:45', '2024-04-03 08:30:34'),
(18, 'ยุทธนา แสนนา', 'Yutthana Saenna', '54\r\n5\r\n5', 'pangpond12345@gmail.com', '992915848', '660450838262d_SD2BMk28un.png', '33', '2', '2024-03-27 09:59:47', '2024-04-03 08:10:54'),
(19, 'อภิรักษ์ สุทธิช่วย', 'Apirak Suthichuay', 'pondsposdf', 'pangpond12345@gmail.com', '992915848', 'user.png', '34', '6', '2024-03-27 10:02:02', '2024-04-03 08:31:16'),
(20, 'afsfdg', 'dgfdgfdgd', 'okpsojfs', 'pangpon58585sdfsf@gmail.com', '67657885757', '660a4163c8877_pa8u56iaKo.jpg', '35', '1', '2024-03-27 10:02:44', '2024-04-03 08:31:27'),
(21, 'กัญจนพร ชุมทิม', 'Kanchanaporn Chumtim', '767878758', 'pangpon58585@gmail.com', '75785785785875', 'user.png', '36', '1', '2024-03-27 10:06:10', '2024-04-03 08:11:53'),
(22, 'เกวลิน ทองเรือง', 'Kaewlin Thongruang', '785785785875', 'pangpond12585@gmail.com', '58578578575', '660452264583d_ehhcHgVN6O.png', '37', '2', '2024-03-27 10:06:46', '2024-04-03 08:12:23'),
(23, 'ชนกนันท์ กุละคำแสง', 'Chanoknan Kulakhamsaeng', 'fsdfsfdsf', 'pangpond12585@gmail.com', '99595959', 'user.png', '38', '1', '2024-03-27 10:08:34', '2024-04-03 08:12:56'),
(24, 'afsfdg', 'test_for_engname3', 'adasdasdsad', 'pangpond12345@gmail.com', '99915848', '660452f1c0b1e_nxPLVUsnV0.png', '39', '2', '2024-03-27 10:10:09', '2024-03-27 10:10:09'),
(25, 'ณัฐธิดา รองเมือง', 'Natthida Rongmuang', 'hipipiopipi', 'pangpond@gmail.com', '58585858858', 'user.png', '40', '2', '2024-03-27 10:11:16', '2024-04-03 08:13:24'),
(26, 'ทัศนียา กาญจโนทัย', 'Tasaneeya Kanchanothai', 'ีร่นรนนีรนรรีน', 'pangpond125854747@gmail.com', '9929158448', 'user.png', '41', '1', '2024-03-27 10:16:49', '2024-04-03 08:13:55'),
(27, 'ธัญชนก จันทร์สุวรรณ', 'Thanchanok Chansuwan', 'saasdasd', 'pangpond@gmail.com', '999188484', 'user.png', '42', '2', '2024-03-27 10:33:28', '2024-04-03 08:14:43'),
(28, 'พลอย ไชยแสง', 'Ploy Chaiyasaeng', 'dwdwdw', 'nattiya31dd1258@gmail.com', '992915848', 'user.png', '43', '1', '2024-03-31 11:08:15', '2024-04-03 08:15:20'),
(29, 'ศาสตร์ตรา ส่งฤทธิ์254', 'Srattra Songrit', 'null', 'nattiya311258@gmail.com', '992915848', '6609adcf76ee8_ufkLns0nTV.jpg', '44', '1', '2024-03-31 11:37:21', '2024-03-31 11:39:11'),
(30, 'นายประธานหลักสูตร', 'Srattra Songrit', 'ทดสอบ', 'nattiya311258@gmail.com', '992915848', 'user.png', '45', '1', '2024-03-31 13:17:55', '2024-03-31 13:17:55'),
(31, 'ศาสตร์ตรา ส่งฤทธิ์22', 'Srattra Songrit', 'managermanager', 'pond321@gmail.com', '992915848', 'user.png', '46', '1', '2024-03-31 13:21:10', '2024-03-31 13:21:10'),
(32, 'ฉัตรชนก ช่วยเชียร', 'Chatchanok  Chuaychean', NULL, 'test20@gmail.com', '806547255', 'user.png', '47', '2', '2024-04-02 09:14:34', '2024-04-02 09:14:34'),
(33, 'ธนัชชา จิตจำ', 'Thanatcha Chitjam', NULL, 'test21@gmail.com', '865499627', 'user.png', '48', '2', '2024-04-02 09:16:29', '2024-04-02 09:16:29'),
(34, 'กัญญพัชร หนูแก้ว', 'Kanyaphat Nookaew', NULL, 'test22@gmail.com', '986572556', 'user.png', '49', '2', '2024-04-02 09:17:46', '2024-04-02 09:17:46'),
(35, 'สุพิชญา ชาติรักษา', 'Supitchaya Chatraksa', NULL, 'test23@gmail.com', '847785426', 'user.png', '50', '2', '2024-04-02 09:19:13', '2024-04-02 09:19:13'),
(36, 'วิมพ์วิภา ตาง', 'Wimwipha Tang', NULL, 'test24@gmail.com', '896572215', 'user.png', '51', '2', '2024-04-02 09:20:39', '2024-04-02 09:20:39'),
(37, 'ภูมิพัฒน์ ขาวพุ่ม', 'Phumiphat Khaophum', NULL, 'test25@gmail.com', '965781548', 'user.png', '52', '2', '2024-04-02 09:22:22', '2024-04-02 09:22:22'),
(38, 'อินธกร ชูเมือง', 'Inthakorn Chumuang', NULL, 'test26@gmail.com', '864895455', 'user.png', '53', '6', '2024-04-02 09:26:57', '2024-04-02 09:26:57'),
(39, 'ธรรญวิทย์ ชูคำ', 'Thanyawit Chukham', NULL, 'test27@gmail.com', '869574532', 'user.png', '54', '6', '2024-04-02 09:28:24', '2024-04-02 09:28:24'),
(40, 'สุดารัตน์ ธุระกิจ', 'Sudarat Thurakit', NULL, 'test28@gmail.com', '986547220', 'user.png', '55', '6', '2024-04-02 09:29:31', '2024-04-02 09:29:31'),
(41, 'ขวัญฤดี นิลเพ็ชร', 'Kwanrudee Nilpetch', NULL, 'test29@gmail.com', '862354006', 'user.png', '56', '6', '2024-04-02 09:31:02', '2024-04-02 09:31:02'),
(42, 'โชคดี นิลเพ็ชร', 'Chokdee Nilphet', NULL, 'test30@gmail.com', '865499256', 'user.png', '57', '6', '2024-04-02 09:32:26', '2024-04-02 09:32:26'),
(43, 'กฎชพร หนูแก้ว', 'Kotchaphon Nookaew', NULL, 'test31@gmail.com', '865495620', 'user.png', '58', '6', '2024-04-02 09:34:22', '2024-04-02 09:34:22'),
(44, 'มนัญญา  จันทร์นวล', 'Mananya Channuan', NULL, 'test32@gmail.com', '865422590', 'user.png', '59', '7', '2024-04-03 02:41:34', '2024-04-03 02:41:34'),
(45, 'ปภาวิน  นาคนวล', 'Paphawin Nakanuan', NULL, 'test33@gmail.com', '869771540', 'user.png', '60', '7', '2024-04-03 02:42:42', '2024-04-03 02:42:42'),
(46, 'วริษฐา เสียมไหม', 'Waritha Siemmai', NULL, 'test34@gmail.com', '645263441', 'user.png', '61', '7', '2024-04-03 02:43:59', '2024-04-03 02:43:59'),
(47, 'กรวิชญ์ เพชรชู', 'Kornwit Petchu', NULL, 'test35@gmail.com', '865425546', 'user.png', '62', '7', '2024-04-03 02:45:16', '2024-04-03 02:45:16'),
(48, 'พีรณัฐ บุญทองแก้ว', 'Peeranat Boonthongkaew', NULL, 'test36@gmail.com', '896542661', 'user.png', '63', '7', '2024-04-03 02:46:36', '2024-04-03 02:46:36'),
(49, 'หนูแก้ว ธุระกิจ', 'Nookaew Business', NULL, 'test37@gmail.com', '865792235', 'user.png', '64', '7', '2024-04-03 02:50:33', '2024-04-03 02:50:33'),
(50, 'คุณัญญา นาคนวล', 'Kunanya Nakanuan', NULL, 'test38@gmail.com', '648596570', 'user.png', '65', '8', '2024-04-03 02:53:37', '2024-04-03 02:53:37'),
(51, 'พิชญาภา	นุ่นแก้ว', 'Pitchayapa Nunkaew', NULL, 'test39@gmail.com', '897006500', 'user.png', '66', '8', '2024-04-03 02:54:39', '2024-04-03 02:54:39'),
(52, 'พิชญะ หนูแก้ว', 'Pitchaya Nookaew', NULL, 'test41@gmail.com', '896654785', 'user.png', '67', '8', '2024-04-03 03:10:07', '2024-04-03 03:10:07'),
(53, 'ณัฐวุฒิ ชัชวาลย์', 'Nattawut Chatchawan', NULL, 'test42@gmail.com', '896547256', 'user.png', '68', '8', '2024-04-03 03:11:33', '2024-04-03 03:11:33'),
(54, 'นันธิดา นาคแก้ว', 'Nanthida Nakkaew', NULL, 'test43@gmail.com', '897332564', 'user.png', '69', '8', '2024-04-03 03:12:49', '2024-04-03 03:12:49'),
(55, 'กฤตเมธ เกิดมี', 'Kritmeth Kerdmee', NULL, 'test44@gmail.com', '889876650', 'user.png', '70', '10', '2024-04-03 03:15:51', '2024-04-03 03:15:51'),
(56, 'เพชรรัตน์ดารา ไหมเขียว', 'Petcharat Dara Mai Khiao', NULL, 'test45@gmail.com', '896578221', 'user.png', '71', '10', '2024-04-03 03:17:03', '2024-04-03 03:17:03'),
(57, 'ธัญวรัตน์  เกตุแก้ว', 'Thanyawarat Ketkaew', NULL, 'test46@gmail.com', '800365123', 'user.png', '72', '10', '2024-04-03 03:18:12', '2024-04-03 03:18:12'),
(58, 'คณาทิป พันทวี', 'Khanathip Panthawee', NULL, 'test47@gmail.com', '898765894', 'user.png', '73', '10', '2024-04-03 03:19:16', '2024-04-03 03:19:16'),
(59, 'ปฐมเดช ทองเผือก', 'Pathomdej Thongpuek', NULL, 'test48@gmail.com', '865498563', 'user.png', '74', '10', '2024-04-03 03:20:23', '2024-04-03 03:20:23'),
(60, 'เบญญาภา ขุนนคร', 'Benyapha Khun Nakhon', NULL, 'test49@gmail.com', '659865200', 'user.png', '75', '10', '2024-04-03 03:21:43', '2024-04-03 03:21:43'),
(61, 'ชนาสิน แดงสุข', 'Chanasin Daengsuk', NULL, 'test50@gmail.com', '653587410', 'user.png', '76', '12', '2024-04-03 03:37:53', '2024-04-03 03:37:53'),
(62, 'ณัฎฐพัฒน์  ศรีเปราะ', 'Natthapat Sriprao', NULL, 'test51@gmail.com', '689578410', 'user.png', '77', '12', '2024-04-03 03:39:00', '2024-04-03 03:39:00'),
(63, 'ณัฐพล คำทองแก้ว', 'Natthaphon Khamthongkaew', NULL, 'test52@gmail.com', '986575120', 'user.png', '78', '12', '2024-04-03 03:39:51', '2024-04-03 03:39:51'),
(64, 'ธนกฤต ดอกดวง', 'Thanakrit Dokduang', NULL, 'test53@gmail.com', '896542210', 'user.png', '79', '12', '2024-04-03 03:41:01', '2024-04-03 03:41:01'),
(65, 'ปรมินทร์ พัฒเจริญ', 'Pramin Patcharoen', NULL, 'test54@gmail.com', '986325410', 'user.png', '80', '12', '2024-04-03 03:42:04', '2024-04-03 03:42:04'),
(66, 'ปุณณัตถ์ เทพแป้น', 'Punnat Theppaen', NULL, 'test55@gmail.com', '698536421', 'user.png', '81', '13', '2024-04-03 04:50:26', '2024-04-03 04:50:26'),
(67, 'ภาคภูมิ หงวนสง่า', 'Itthinan Sapprasert', NULL, 'test56@gmail.com', '896695871', 'user.png', '82', '13', '2024-04-03 04:52:30', '2024-04-03 04:52:30'),
(68, 'กมลชนก เมืองคุ้ม', 'Kamonchanok Muangkhum', NULL, 'test57@gmail.com', '896544751', 'user.png', '83', '13', '2024-04-03 04:54:17', '2024-04-03 04:54:17'),
(69, 'จิราภรณ์ ศรีวิสุทธิ์', 'Jiraporn Srivisut', NULL, 'test58@gmail.com', '658123655', 'user.png', '84', '13', '2024-04-03 04:55:47', '2024-04-03 04:55:47');

--
-- Indexes for dumped tables
--

--
-- Indexes for table `adjust_people_lists`
--
ALTER TABLE `adjust_people_lists`
  ADD PRIMARY KEY (`apl_id`);

--
-- Indexes for table `adjust_people_topics`
--
ALTER TABLE `adjust_people_topics`
  ADD PRIMARY KEY (`apt_id`);

--
-- Indexes for table `adjust_repeats`
--
ALTER TABLE `adjust_repeats`
  ADD PRIMARY KEY (`adr_id`);

--
-- Indexes for table `courses`
--
ALTER TABLE `courses`
  ADD PRIMARY KEY (`c_id`);

--
-- Indexes for table `course_committees`
--
ALTER TABLE `course_committees`
  ADD PRIMARY KEY (`cm_id`);

--
-- Indexes for table `docfiles`
--
ALTER TABLE `docfiles`
  ADD PRIMARY KEY (`df_id`);

--
-- Indexes for table `docfile_statuses`
--
ALTER TABLE `docfile_statuses`
  ADD PRIMARY KEY (`dfs_id`);

--
-- Indexes for table `doc_committees`
--
ALTER TABLE `doc_committees`
  ADD PRIMARY KEY (`dc_id`);

--
-- Indexes for table `doc_courses`
--
ALTER TABLE `doc_courses`
  ADD PRIMARY KEY (`dcf_id`);

--
-- Indexes for table `edu_backgrounds`
--
ALTER TABLE `edu_backgrounds`
  ADD PRIMARY KEY (`edu_id`);

--
-- Indexes for table `expertises`
--
ALTER TABLE `expertises`
  ADD PRIMARY KEY (`exp_id`);

--
-- Indexes for table `failed_jobs`
--
ALTER TABLE `failed_jobs`
  ADD PRIMARY KEY (`id`),
  ADD UNIQUE KEY `failed_jobs_uuid_unique` (`uuid`);

--
-- Indexes for table `learn_results_details`
--
ALTER TABLE `learn_results_details`
  ADD PRIMARY KEY (`lrd_id`);

--
-- Indexes for table `learn_results_lists`
--
ALTER TABLE `learn_results_lists`
  ADD PRIMARY KEY (`lrl_id`);

--
-- Indexes for table `learn_results_remarks`
--
ALTER TABLE `learn_results_remarks`
  ADD PRIMARY KEY (`lrr_id`);

--
-- Indexes for table `measure_lists`
--
ALTER TABLE `measure_lists`
  ADD PRIMARY KEY (`ml_id`);

--
-- Indexes for table `measure_prac_lists`
--
ALTER TABLE `measure_prac_lists`
  ADD PRIMARY KEY (`mpl_id`);

--
-- Indexes for table `measure_prac_topics`
--
ALTER TABLE `measure_prac_topics`
  ADD PRIMARY KEY (`mpt_id`);

--
-- Indexes for table `migrations`
--
ALTER TABLE `migrations`
  ADD PRIMARY KEY (`id`);

--
-- Indexes for table `objectives`
--
ALTER TABLE `objectives`
  ADD PRIMARY KEY (`obj_id`);

--
-- Indexes for table `objective_remarks`
--
ALTER TABLE `objective_remarks`
  ADD PRIMARY KEY (`ojr_id`);

--
-- Indexes for table `password_reset_tokens`
--
ALTER TABLE `password_reset_tokens`
  ADD PRIMARY KEY (`email`);

--
-- Indexes for table `performances`
--
ALTER TABLE `performances`
  ADD PRIMARY KEY (`pf_id`);

--
-- Indexes for table `performance_files`
--
ALTER TABLE `performance_files`
  ADD PRIMARY KEY (`pff_id`);

--
-- Indexes for table `personal_access_tokens`
--
ALTER TABLE `personal_access_tokens`
  ADD PRIMARY KEY (`id`),
  ADD UNIQUE KEY `personal_access_tokens_token_unique` (`token`),
  ADD KEY `personal_access_tokens_tokenable_type_tokenable_id_index` (`tokenable_type`,`tokenable_id`);

--
-- Indexes for table `planning_sum_hours`
--
ALTER TABLE `planning_sum_hours`
  ADD PRIMARY KEY (`psh_id`);

--
-- Indexes for table `planning_topics`
--
ALTER TABLE `planning_topics`
  ADD PRIMARY KEY (`pt_id`);

--
-- Indexes for table `planning_week_hours`
--
ALTER TABLE `planning_week_hours`
  ADD PRIMARY KEY (`pw_id`);

--
-- Indexes for table `planning_week_lists`
--
ALTER TABLE `planning_week_lists`
  ADD PRIMARY KEY (`pwl_id`);

--
-- Indexes for table `prep_plan_lists`
--
ALTER TABLE `prep_plan_lists`
  ADD PRIMARY KEY (`ppl_id`);

--
-- Indexes for table `prep_plan_topics`
--
ALTER TABLE `prep_plan_topics`
  ADD PRIMARY KEY (`ppt_id`);

--
-- Indexes for table `programs`
--
ALTER TABLE `programs`
  ADD PRIMARY KEY (`p_id`);

--
-- Indexes for table `resources`
--
ALTER TABLE `resources`
  ADD PRIMARY KEY (`rs_id`);

--
-- Indexes for table `subjects`
--
ALTER TABLE `subjects`
  ADD PRIMARY KEY (`s_id`);

--
-- Indexes for table `subject_descriptions`
--
ALTER TABLE `subject_descriptions`
  ADD PRIMARY KEY (`sd_id`);

--
-- Indexes for table `teachings`
--
ALTER TABLE `teachings`
  ADD PRIMARY KEY (`tc_id`);

--
-- Indexes for table `terms`
--
ALTER TABLE `terms`
  ADD PRIMARY KEY (`t_id`);

--
-- Indexes for table `terms_courses`
--
ALTER TABLE `terms_courses`
  ADD PRIMARY KEY (`tco_id`);

--
-- Indexes for table `terms_subs`
--
ALTER TABLE `terms_subs`
  ADD PRIMARY KEY (`ts_id`);

--
-- Indexes for table `terms_sub_teaches`
--
ALTER TABLE `terms_sub_teaches`
  ADD PRIMARY KEY (`tst_id`);

--
-- Indexes for table `topic_learn_results`
--
ALTER TABLE `topic_learn_results`
  ADD PRIMARY KEY (`tlr_id`);

--
-- Indexes for table `users`
--
ALTER TABLE `users`
  ADD PRIMARY KEY (`id`),
  ADD UNIQUE KEY `users_username_unique` (`username`);

--
-- Indexes for table `users_details`
--
ALTER TABLE `users_details`
  ADD PRIMARY KEY (`user_d_id`);

--
-- AUTO_INCREMENT for dumped tables
--

--
-- AUTO_INCREMENT for table `adjust_people_lists`
--
ALTER TABLE `adjust_people_lists`
  MODIFY `apl_id` bigint(20) UNSIGNED NOT NULL AUTO_INCREMENT, AUTO_INCREMENT=5;

--
-- AUTO_INCREMENT for table `adjust_people_topics`
--
ALTER TABLE `adjust_people_topics`
  MODIFY `apt_id` bigint(20) UNSIGNED NOT NULL AUTO_INCREMENT, AUTO_INCREMENT=5;

--
-- AUTO_INCREMENT for table `adjust_repeats`
--
ALTER TABLE `adjust_repeats`
  MODIFY `adr_id` bigint(20) UNSIGNED NOT NULL AUTO_INCREMENT, AUTO_INCREMENT=2;

--
-- AUTO_INCREMENT for table `courses`
--
ALTER TABLE `courses`
  MODIFY `c_id` bigint(20) UNSIGNED NOT NULL AUTO_INCREMENT, AUTO_INCREMENT=54;

--
-- AUTO_INCREMENT for table `course_committees`
--
ALTER TABLE `course_committees`
  MODIFY `cm_id` bigint(20) UNSIGNED NOT NULL AUTO_INCREMENT, AUTO_INCREMENT=11;

--
-- AUTO_INCREMENT for table `docfiles`
--
ALTER TABLE `docfiles`
  MODIFY `df_id` bigint(20) UNSIGNED NOT NULL AUTO_INCREMENT, AUTO_INCREMENT=3;

--
-- AUTO_INCREMENT for table `docfile_statuses`
--
ALTER TABLE `docfile_statuses`
  MODIFY `dfs_id` bigint(20) UNSIGNED NOT NULL AUTO_INCREMENT, AUTO_INCREMENT=4;

--
-- AUTO_INCREMENT for table `doc_committees`
--
ALTER TABLE `doc_committees`
  MODIFY `dc_id` bigint(20) UNSIGNED NOT NULL AUTO_INCREMENT, AUTO_INCREMENT=11;

--
-- AUTO_INCREMENT for table `doc_courses`
--
ALTER TABLE `doc_courses`
  MODIFY `dcf_id` bigint(20) UNSIGNED NOT NULL AUTO_INCREMENT, AUTO_INCREMENT=2;

--
-- AUTO_INCREMENT for table `edu_backgrounds`
--
ALTER TABLE `edu_backgrounds`
  MODIFY `edu_id` bigint(20) UNSIGNED NOT NULL AUTO_INCREMENT;

--
-- AUTO_INCREMENT for table `expertises`
--
ALTER TABLE `expertises`
  MODIFY `exp_id` bigint(20) UNSIGNED NOT NULL AUTO_INCREMENT;

--
-- AUTO_INCREMENT for table `failed_jobs`
--
ALTER TABLE `failed_jobs`
  MODIFY `id` bigint(20) UNSIGNED NOT NULL AUTO_INCREMENT;

--
-- AUTO_INCREMENT for table `learn_results_details`
--
ALTER TABLE `learn_results_details`
  MODIFY `lrd_id` bigint(20) UNSIGNED NOT NULL AUTO_INCREMENT, AUTO_INCREMENT=76;

--
-- AUTO_INCREMENT for table `learn_results_lists`
--
ALTER TABLE `learn_results_lists`
  MODIFY `lrl_id` bigint(20) UNSIGNED NOT NULL AUTO_INCREMENT, AUTO_INCREMENT=19;

--
-- AUTO_INCREMENT for table `learn_results_remarks`
--
ALTER TABLE `learn_results_remarks`
  MODIFY `lrr_id` bigint(20) UNSIGNED NOT NULL AUTO_INCREMENT, AUTO_INCREMENT=34;

--
-- AUTO_INCREMENT for table `measure_lists`
--
ALTER TABLE `measure_lists`
  MODIFY `ml_id` bigint(20) UNSIGNED NOT NULL AUTO_INCREMENT, AUTO_INCREMENT=11;

--
-- AUTO_INCREMENT for table `measure_prac_lists`
--
ALTER TABLE `measure_prac_lists`
  MODIFY `mpl_id` bigint(20) UNSIGNED NOT NULL AUTO_INCREMENT, AUTO_INCREMENT=8;

--
-- AUTO_INCREMENT for table `measure_prac_topics`
--
ALTER TABLE `measure_prac_topics`
  MODIFY `mpt_id` bigint(20) UNSIGNED NOT NULL AUTO_INCREMENT, AUTO_INCREMENT=4;

--
-- AUTO_INCREMENT for table `migrations`
--
ALTER TABLE `migrations`
  MODIFY `id` int(10) UNSIGNED NOT NULL AUTO_INCREMENT, AUTO_INCREMENT=259;

--
-- AUTO_INCREMENT for table `objectives`
--
ALTER TABLE `objectives`
  MODIFY `obj_id` bigint(20) UNSIGNED NOT NULL AUTO_INCREMENT, AUTO_INCREMENT=7;

--
-- AUTO_INCREMENT for table `objective_remarks`
--
ALTER TABLE `objective_remarks`
  MODIFY `ojr_id` bigint(20) UNSIGNED NOT NULL AUTO_INCREMENT, AUTO_INCREMENT=5;

--
-- AUTO_INCREMENT for table `performances`
--
ALTER TABLE `performances`
  MODIFY `pf_id` bigint(20) UNSIGNED NOT NULL AUTO_INCREMENT, AUTO_INCREMENT=41;

--
-- AUTO_INCREMENT for table `performance_files`
--
ALTER TABLE `performance_files`
  MODIFY `pff_id` bigint(20) UNSIGNED NOT NULL AUTO_INCREMENT, AUTO_INCREMENT=94;

--
-- AUTO_INCREMENT for table `personal_access_tokens`
--
ALTER TABLE `personal_access_tokens`
  MODIFY `id` bigint(20) UNSIGNED NOT NULL AUTO_INCREMENT;

--
-- AUTO_INCREMENT for table `planning_sum_hours`
--
ALTER TABLE `planning_sum_hours`
  MODIFY `psh_id` bigint(20) UNSIGNED NOT NULL AUTO_INCREMENT, AUTO_INCREMENT=4;

--
-- AUTO_INCREMENT for table `planning_topics`
--
ALTER TABLE `planning_topics`
  MODIFY `pt_id` bigint(20) UNSIGNED NOT NULL AUTO_INCREMENT, AUTO_INCREMENT=10;

--
-- AUTO_INCREMENT for table `planning_week_hours`
--
ALTER TABLE `planning_week_hours`
  MODIFY `pw_id` bigint(20) UNSIGNED NOT NULL AUTO_INCREMENT, AUTO_INCREMENT=9;

--
-- AUTO_INCREMENT for table `planning_week_lists`
--
ALTER TABLE `planning_week_lists`
  MODIFY `pwl_id` bigint(20) UNSIGNED NOT NULL AUTO_INCREMENT, AUTO_INCREMENT=113;

--
-- AUTO_INCREMENT for table `prep_plan_lists`
--
ALTER TABLE `prep_plan_lists`
  MODIFY `ppl_id` bigint(20) UNSIGNED NOT NULL AUTO_INCREMENT, AUTO_INCREMENT=13;

--
-- AUTO_INCREMENT for table `prep_plan_topics`
--
ALTER TABLE `prep_plan_topics`
  MODIFY `ppt_id` bigint(20) UNSIGNED NOT NULL AUTO_INCREMENT, AUTO_INCREMENT=6;

--
-- AUTO_INCREMENT for table `programs`
--
ALTER TABLE `programs`
  MODIFY `p_id` bigint(20) UNSIGNED NOT NULL AUTO_INCREMENT, AUTO_INCREMENT=42;

--
-- AUTO_INCREMENT for table `resources`
--
ALTER TABLE `resources`
  MODIFY `rs_id` bigint(20) UNSIGNED NOT NULL AUTO_INCREMENT;

--
-- AUTO_INCREMENT for table `subjects`
--
ALTER TABLE `subjects`
  MODIFY `s_id` bigint(20) UNSIGNED NOT NULL AUTO_INCREMENT, AUTO_INCREMENT=342;

--
-- AUTO_INCREMENT for table `subject_descriptions`
--
ALTER TABLE `subject_descriptions`
  MODIFY `sd_id` bigint(20) UNSIGNED NOT NULL AUTO_INCREMENT, AUTO_INCREMENT=3;

--
-- AUTO_INCREMENT for table `teachings`
--
ALTER TABLE `teachings`
  MODIFY `tc_id` bigint(20) UNSIGNED NOT NULL AUTO_INCREMENT;

--
-- AUTO_INCREMENT for table `terms`
--
ALTER TABLE `terms`
  MODIFY `t_id` bigint(20) UNSIGNED NOT NULL AUTO_INCREMENT, AUTO_INCREMENT=7;

--
-- AUTO_INCREMENT for table `terms_courses`
--
ALTER TABLE `terms_courses`
  MODIFY `tco_id` bigint(20) UNSIGNED NOT NULL AUTO_INCREMENT, AUTO_INCREMENT=51;

--
-- AUTO_INCREMENT for table `terms_subs`
--
ALTER TABLE `terms_subs`
  MODIFY `ts_id` bigint(20) UNSIGNED NOT NULL AUTO_INCREMENT, AUTO_INCREMENT=249;

--
-- AUTO_INCREMENT for table `terms_sub_teaches`
--
ALTER TABLE `terms_sub_teaches`
  MODIFY `tst_id` bigint(20) UNSIGNED NOT NULL AUTO_INCREMENT, AUTO_INCREMENT=415;

--
-- AUTO_INCREMENT for table `topic_learn_results`
--
ALTER TABLE `topic_learn_results`
  MODIFY `tlr_id` bigint(20) UNSIGNED NOT NULL AUTO_INCREMENT, AUTO_INCREMENT=16;

--
-- AUTO_INCREMENT for table `users`
--
ALTER TABLE `users`
  MODIFY `id` bigint(20) UNSIGNED NOT NULL AUTO_INCREMENT, AUTO_INCREMENT=85;

--
-- AUTO_INCREMENT for table `users_details`
--
ALTER TABLE `users_details`
  MODIFY `user_d_id` bigint(20) UNSIGNED NOT NULL AUTO_INCREMENT, AUTO_INCREMENT=70;
COMMIT;

/*!40101 SET CHARACTER_SET_CLIENT=@OLD_CHARACTER_SET_CLIENT */;
/*!40101 SET CHARACTER_SET_RESULTS=@OLD_CHARACTER_SET_RESULTS */;
/*!40101 SET COLLATION_CONNECTION=@OLD_COLLATION_CONNECTION */;
